record_id,field,value,status,source_url,corroborating_url,checked_on,note
1,isil,,unresolved,,,2026-09-20,No exact issuing-registry match was confirmed for this institution or unit.
1,wikidata_qid,,unresolved,,,2026-09-20,No unique exact-name Wikidata item found in this search pass.
1,geonames_id,616052,verified,https://sws.geonames.org/616052/about.rdf,,2026-09-20,Unique populated-place match in country extract and exact-ID GeoNames RDF record.
2,isil,,unresolved,,,2026-09-20,No exact issuing-registry match was confirmed for this institution or unit.
2,wikidata_qid,,unresolved,,,2026-09-20,Candidate location did not confirm the listed city and country.
2,geonames_id,8349381,verified,https://sws.geonames.org/8349381/about.rdf,,2026-09-20,Unique populated-place match in country extract and exact-ID GeoNames RDF record.
3,isil,AU-ANL,verified,http://www.nla.gov.au/apps/ilrs/?action=IlrsSearch&nuc=ANL,,2026-09-20,Issuing registry names the same institution in Canberra.
3,wikidata_qid,Q623578,verified,https://www.wikidata.org/wiki/Q623578,https://www.nla.gov.au/,2026-09-20,Exact institution item; country and city agree; official website matches.
3,geonames_id,2172517,verified,https://sws.geonames.org/2172517/about.rdf,,2026-09-20,Unique populated-place match in country extract and exact-ID GeoNames RDF record.
4,isil,,unresolved,,,2026-09-20,No exact issuing-registry match was confirmed for this institution or unit.
4,wikidata_qid,Q7603406,verified,https://www.wikidata.org/wiki/Q7603406,http://www.slsa.sa.gov.au,2026-09-20,Exact institution item; country and city agree; official website matches.
4,geonames_id,2078025,verified,https://sws.geonames.org/2078025/about.rdf,,2026-09-20,Unique populated-place match in country extract and exact-ID GeoNames RDF record.
5,isil,,unresolved,,,2026-09-20,No exact issuing-registry match was confirmed for this institution or unit.
5,wikidata_qid,Q1200052,verified,https://www.wikidata.org/wiki/Q1200052,https://www.slv.vic.gov.au/,2026-09-20,Exact institution item; country and city agree; official website matches.
5,geonames_id,2158177,verified,https://sws.geonames.org/2158177/about.rdf,,2026-09-20,Unique populated-place match in country extract and exact-ID GeoNames RDF record.
6,isil,,unresolved,,,2026-09-20,No exact issuing-registry match was confirmed for this institution or unit.
6,wikidata_qid,,unresolved,,,2026-09-20,No unique exact-name Wikidata item found in this search pass.
6,geonames_id,2147714,verified,https://sws.geonames.org/2147714/about.rdf,,2026-09-20,Unique populated-place match in country extract and exact-ID GeoNames RDF record.
7,isil,,unresolved,,,2026-09-20,No exact issuing-registry match was confirmed for this institution or unit.
7,wikidata_qid,Q127990,verified,https://www.wikidata.org/wiki/Q127990,https://www.anu.edu.au/,2026-09-20,Exact institution item; country and city agree; official website matches.
7,geonames_id,2172517,verified,https://sws.geonames.org/2172517/about.rdf,,2026-09-20,Unique populated-place match in country extract and exact-ID GeoNames RDF record.
8,isil,,unresolved,,,2026-09-20,No exact issuing-registry match was confirmed for this institution or unit.
8,wikidata_qid,Q319078,verified,https://www.wikidata.org/wiki/Q319078,https://www.unimelb.edu.au/,2026-09-20,Exact institution item; country and city agree; official website matches.
8,geonames_id,2158177,verified,https://sws.geonames.org/2158177/about.rdf,,2026-09-20,Unique populated-place match in country extract and exact-ID GeoNames RDF record.
9,isil,,unresolved,,,2026-09-20,No exact issuing-registry match was confirmed for this institution or unit.
9,wikidata_qid,,unresolved,,,2026-09-20,No unique exact-name Wikidata item found in this search pass.
9,geonames_id,2147714,verified,https://sws.geonames.org/2147714/about.rdf,,2026-09-20,Unique populated-place match in country extract and exact-ID GeoNames RDF record.
10,isil,,unresolved,,,2026-09-20,No exact issuing-registry match was confirmed for this institution or unit.
10,wikidata_qid,,unresolved,,,2026-09-20,No matching official website or verified ISIL corroborated the candidate.
10,geonames_id,2177091,verified,https://sws.geonames.org/2177091/about.rdf,,2026-09-20,Unique populated-place match in country extract and exact-ID GeoNames RDF record.
11,isil,,unresolved,,,2026-09-20,No exact issuing-registry match was confirmed for this institution or unit.
11,wikidata_qid,Q304037,verified,https://www.wikidata.org/wiki/Q304037,https://www.onb.ac.at/,2026-09-20,Exact institution item; country and city agree; official website matches.
11,geonames_id,2761369,verified,https://sws.geonames.org/2761369/about.rdf,,2026-09-20,Unique populated-place match in country extract and exact-ID GeoNames RDF record.
12,isil,,unresolved,,,2026-09-20,No exact issuing-registry match was confirmed for this institution or unit.
12,wikidata_qid,,unresolved,,,2026-09-20,No unique exact-name Wikidata item found in this search pass.
12,geonames_id,2778067,verified,https://sws.geonames.org/2778067/about.rdf,,2026-09-20,Unique populated-place match in country extract and exact-ID GeoNames RDF record.
13,isil,,unresolved,,,2026-09-20,No exact issuing-registry match was confirmed for this institution or unit.
13,wikidata_qid,Q1439945,verified,https://www.wikidata.org/wiki/Q1439945,http://www.landesbibliothek.at/,2026-09-20,Exact institution item; country and city agree; official website matches.
13,geonames_id,2772400,verified,https://sws.geonames.org/2772400/about.rdf,,2026-09-20,Same-city institution location crosswalk confirms the GeoNames ID.
14,isil,,unresolved,,,2026-09-20,No exact issuing-registry match was confirmed for this institution or unit.
14,wikidata_qid,,unresolved,,,2026-09-20,No unique exact-name Wikidata item found in this search pass.
14,geonames_id,2773913,verified,https://sws.geonames.org/2773913/about.rdf,,2026-09-20,Unique populated-place match in country extract and exact-ID GeoNames RDF record.
15,isil,,unresolved,,,2026-09-20,No exact issuing-registry match was confirmed for this institution or unit.
15,wikidata_qid,,unresolved,,,2026-09-20,No unique exact-name Wikidata item found in this search pass.
15,geonames_id,2766824,verified,https://sws.geonames.org/2766824/about.rdf,,2026-09-20,Unique populated-place match in country extract and exact-ID GeoNames RDF record.
16,isil,,unresolved,,,2026-09-20,No exact issuing-registry match was confirmed for this institution or unit.
16,wikidata_qid,,unresolved,,,2026-09-20,No matching official website or verified ISIL corroborated the candidate.
16,geonames_id,2760416,verified,https://sws.geonames.org/2760416/about.rdf,https://www.wikidata.org/wiki/Q244506,2026-09-20,Exact city item and coordinates confirm the GeoNames populated place.
17,isil,,unresolved,,,2026-09-20,No exact issuing-registry match was confirmed for this institution or unit.
17,wikidata_qid,,unresolved,,,2026-09-20,No matching official website or verified ISIL corroborated the candidate.
17,geonames_id,2771682,verified,https://sws.geonames.org/2771682/about.rdf,https://www.wikidata.org/wiki/Q489806,2026-09-20,Exact city item and coordinates confirm the GeoNames populated place.
18,isil,,unresolved,,,2026-09-20,No exact issuing-registry match was confirmed for this institution or unit.
18,wikidata_qid,,unresolved,,,2026-09-20,Candidate location did not confirm the listed city and country.
18,geonames_id,2766824,verified,https://sws.geonames.org/2766824/about.rdf,,2026-09-20,Unique populated-place match in country extract and exact-ID GeoNames RDF record.
19,isil,,unresolved,,,2026-09-20,No exact issuing-registry match was confirmed for this institution or unit.
19,wikidata_qid,,unresolved,,,2026-09-20,No matching official website or verified ISIL corroborated the candidate.
19,geonames_id,2776586,verified,https://sws.geonames.org/2776586/about.rdf,https://www.wikidata.org/wiki/Q21871624,2026-09-20,Matching Wikidata city and country item confirms the GeoNames ID.
20,isil,,unresolved,,,2026-09-20,No exact issuing-registry match was confirmed for this institution or unit.
20,wikidata_qid,,unresolved,,,2026-09-20,No matching official website or verified ISIL corroborated the candidate.
20,geonames_id,2774326,verified,https://sws.geonames.org/2774326/about.rdf,,2026-09-20,Unique populated-place match in country extract and exact-ID GeoNames RDF record.
21,isil,,unresolved,,,2026-09-20,No exact issuing-registry match was confirmed for this institution or unit.
21,wikidata_qid,,unresolved,,,2026-09-20,No unique exact-name Wikidata item found in this search pass.
21,geonames_id,,unresolved,,,2026-09-20,9 same-name place candidates; no unique location crosswalk.
22,isil,,unresolved,,,2026-09-20,No exact issuing-registry match was confirmed for this institution or unit.
22,wikidata_qid,,unresolved,,,2026-09-20,No unique exact-name Wikidata item found in this search pass.
22,geonames_id,2800866,verified,https://sws.geonames.org/2800866/about.rdf,,2026-09-20,Unique populated-place match in country extract and exact-ID GeoNames RDF record.
23,isil,,unresolved,,,2026-09-20,No exact issuing-registry match was confirmed for this institution or unit.
23,wikidata_qid,,unresolved,,,2026-09-20,No matching official website or verified ISIL corroborated the candidate.
23,geonames_id,2792413,verified,https://sws.geonames.org/2792413/about.rdf,,2026-09-20,Unique populated-place match in country extract and exact-ID GeoNames RDF record.
24,isil,,unresolved,,,2026-09-20,No exact issuing-registry match was confirmed for this institution or unit.
24,wikidata_qid,Q611001,verified,https://www.wikidata.org/wiki/Q611001,http://lib.ugent.be/en,2026-09-20,Exact institution item; country and city agree; official website matches.
24,geonames_id,2797656,verified,https://sws.geonames.org/2797656/about.rdf,,2026-09-20,Unique populated-place match in country extract and exact-ID GeoNames RDF record.
25,isil,,unresolved,,,2026-09-20,No exact issuing-registry match was confirmed for this institution or unit.
25,wikidata_qid,,unresolved,,,2026-09-20,No matching official website or verified ISIL corroborated the candidate.
25,geonames_id,2792482,verified,https://sws.geonames.org/2792482/about.rdf,,2026-09-20,Unique populated-place match in country extract and exact-ID GeoNames RDF record.
26,isil,,unresolved,,,2026-09-20,No exact issuing-registry match was confirmed for this institution or unit.
26,wikidata_qid,,unresolved,,,2026-09-20,No matching official website or verified ISIL corroborated the candidate.
26,geonames_id,2803138,verified,https://sws.geonames.org/2803138/about.rdf,,2026-09-20,Unique populated-place match in country extract and exact-ID GeoNames RDF record.
27,isil,,unresolved,,,2026-09-20,No exact issuing-registry match was confirmed for this institution or unit.
27,wikidata_qid,,unresolved,,,2026-09-20,No matching official website or verified ISIL corroborated the candidate.
27,geonames_id,2796491,verified,https://sws.geonames.org/2796491/about.rdf,https://www.wikidata.org/wiki/Q21767697,2026-09-20,Matching Wikidata city and country item confirms the GeoNames ID.
28,isil,,unresolved,,,2026-09-20,No exact issuing-registry match was confirmed for this institution or unit.
28,wikidata_qid,,unresolved,,,2026-09-20,No matching official website or verified ISIL corroborated the candidate.
28,geonames_id,2792482,verified,https://sws.geonames.org/2792482/about.rdf,,2026-09-20,Unique populated-place match in country extract and exact-ID GeoNames RDF record.
29,isil,,unresolved,,,2026-09-20,No exact issuing-registry match was confirmed for this institution or unit.
29,wikidata_qid,,unresolved,,,2026-09-20,No matching official website or verified ISIL corroborated the candidate.
29,geonames_id,2797656,verified,https://sws.geonames.org/2797656/about.rdf,,2026-09-20,Unique populated-place match in country extract and exact-ID GeoNames RDF record.
30,isil,,unresolved,,,2026-09-20,No exact issuing-registry match was confirmed for this institution or unit.
30,wikidata_qid,,unresolved,,,2026-09-20,No matching official website or verified ISIL corroborated the candidate.
30,geonames_id,2803138,verified,https://sws.geonames.org/2803138/about.rdf,,2026-09-20,Unique populated-place match in country extract and exact-ID GeoNames RDF record.
31,isil,,unresolved,,,2026-09-20,No exact issuing-registry match was confirmed for this institution or unit.
31,wikidata_qid,,unresolved,,,2026-09-20,No matching official website or verified ISIL corroborated the candidate.
31,geonames_id,2803138,verified,https://sws.geonames.org/2803138/about.rdf,,2026-09-20,Unique populated-place match in country extract and exact-ID GeoNames RDF record.
32,isil,,unresolved,,,2026-09-20,No exact issuing-registry match was confirmed for this institution or unit.
32,wikidata_qid,,unresolved,,,2026-09-20,No matching official website or verified ISIL corroborated the candidate.
32,geonames_id,2800931,verified,https://sws.geonames.org/2800931/about.rdf,,2026-09-20,Unique populated-place match in country extract and exact-ID GeoNames RDF record.
35,isil,,unresolved,,,2026-09-20,No exact issuing-registry match was confirmed for this institution or unit.
35,wikidata_qid,Q631641,verified,https://www.wikidata.org/wiki/Q631641,http://www.nationallibrary.bg/,2026-09-20,Exact institution item; country and city agree; official website matches.
35,geonames_id,727011,verified,https://sws.geonames.org/727011/about.rdf,,2026-09-20,Unique populated-place match in country extract and exact-ID GeoNames RDF record.
37,isil,,unresolved,,,2026-09-20,No exact issuing-registry match was confirmed for this institution or unit.
37,wikidata_qid,Q7789602,verified,https://www.wikidata.org/wiki/Q7789602,https://fisher.library.utoronto.ca/,2026-09-20,Exact institution item; country and city agree; official website matches.
37,geonames_id,6167865,verified,https://sws.geonames.org/6167865/about.rdf,,2026-09-20,Same-city institution location crosswalk confirms the GeoNames ID.
38,isil,,unresolved,,,2026-09-20,No exact issuing-registry match was confirmed for this institution or unit.
38,wikidata_qid,,unresolved,,,2026-09-20,No unique exact-name Wikidata item found in this search pass.
38,geonames_id,6167865,verified,https://sws.geonames.org/6167865/about.rdf,,2026-09-20,Same-city institution location crosswalk confirms the GeoNames ID.
39,isil,,unresolved,,,2026-09-20,No exact issuing-registry match was confirmed for this institution or unit.
39,wikidata_qid,,unresolved,,,2026-09-20,No unique exact-name Wikidata item found in this search pass.
39,geonames_id,6174041,verified,https://sws.geonames.org/6174041/about.rdf,https://www.wikidata.org/wiki/Q2132,2026-09-20,Matching Wikidata city and country item confirms the GeoNames ID.
40,isil,,unresolved,,,2026-09-20,No exact issuing-registry match was confirmed for this institution or unit.
40,wikidata_qid,,unresolved,,,2026-09-20,No unique exact-name Wikidata item found in this search pass.
40,geonames_id,6324733,verified,https://sws.geonames.org/6324733/about.rdf,https://www.wikidata.org/wiki/Q2082,2026-09-20,Matching Wikidata city and country item confirms the GeoNames ID.
41,isil,,unresolved,,,2026-09-20,No exact issuing-registry match was confirmed for this institution or unit.
41,wikidata_qid,,unresolved,,,2026-09-20,Candidate location did not confirm the listed city and country.
41,geonames_id,3186886,verified,https://sws.geonames.org/3186886/about.rdf,,2026-09-20,Unique populated-place match in country extract and exact-ID GeoNames RDF record.
42,isil,,unresolved,,,2026-09-20,No exact issuing-registry match was confirmed for this institution or unit.
42,wikidata_qid,Q12342237,verified,https://www.wikidata.org/wiki/Q12342237,https://www.vkol.cz,2026-09-20,Exact institution item; country and city agree; official website matches.
42,geonames_id,3069011,verified,https://sws.geonames.org/3069011/about.rdf,,2026-09-20,Unique populated-place match in country extract and exact-ID GeoNames RDF record.
43,isil,,unresolved,,,2026-09-20,No exact issuing-registry match was confirmed for this institution or unit.
43,wikidata_qid,,unresolved,,,2026-09-20,No unique exact-name Wikidata item found in this search pass.
43,geonames_id,3067696,verified,https://sws.geonames.org/3067696/about.rdf,,2026-09-20,Unique populated-place match in country extract and exact-ID GeoNames RDF record.
44,isil,,unresolved,,,2026-09-20,No exact issuing-registry match was confirmed for this institution or unit.
44,wikidata_qid,,unresolved,,,2026-09-20,No matching official website or verified ISIL corroborated the candidate.
44,geonames_id,3067696,verified,https://sws.geonames.org/3067696/about.rdf,,2026-09-20,Unique populated-place match in country extract and exact-ID GeoNames RDF record.
45,isil,,unresolved,,,2026-09-20,No exact issuing-registry match was confirmed for this institution or unit.
45,wikidata_qid,,unresolved,,,2026-09-20,No unique exact-name Wikidata item found in this search pass.
45,geonames_id,3067696,verified,https://sws.geonames.org/3067696/about.rdf,,2026-09-20,Unique populated-place match in country extract and exact-ID GeoNames RDF record.
46,isil,,unresolved,,,2026-09-20,No exact issuing-registry match was confirmed for this institution or unit.
46,wikidata_qid,,unresolved,,,2026-09-20,No matching official website or verified ISIL corroborated the candidate.
46,geonames_id,3078610,verified,https://sws.geonames.org/3078610/about.rdf,,2026-09-20,Unique populated-place match in country extract and exact-ID GeoNames RDF record.
47,isil,,unresolved,,,2026-09-20,No exact issuing-registry match was confirmed for this institution or unit.
47,wikidata_qid,,unresolved,,,2026-09-20,No unique exact-name Wikidata item found in this search pass.
47,geonames_id,2618425,verified,https://sws.geonames.org/2618425/about.rdf,,2026-09-20,Unique populated-place match in country extract and exact-ID GeoNames RDF record.
48,isil,,unresolved,,,2026-09-20,No exact issuing-registry match was confirmed for this institution or unit.
48,wikidata_qid,,unresolved,,,2026-09-20,No unique exact-name Wikidata item found in this search pass.
48,geonames_id,2618425,verified,https://sws.geonames.org/2618425/about.rdf,,2026-09-20,Unique populated-place match in country extract and exact-ID GeoNames RDF record.
49,isil,,unresolved,,,2026-09-20,No exact issuing-registry match was confirmed for this institution or unit.
49,wikidata_qid,,unresolved,,,2026-09-20,No unique exact-name Wikidata item found in this search pass.
49,geonames_id,2643743,verified,https://sws.geonames.org/2643743/about.rdf,,2026-09-20,Same-city institution location crosswalk confirms the GeoNames ID.
50,isil,,unresolved,,,2026-09-20,No exact issuing-registry match was confirmed for this institution or unit.
50,wikidata_qid,,unresolved,,,2026-09-20,No unique exact-name Wikidata item found in this search pass.
50,geonames_id,2640729,verified,https://sws.geonames.org/2640729/about.rdf,https://www.wikidata.org/wiki/Q34217,2026-09-20,Matching Wikidata city and country item confirms the GeoNames ID.
51,isil,,unresolved,,,2026-09-20,No exact issuing-registry match was confirmed for this institution or unit.
51,wikidata_qid,,unresolved,,,2026-09-20,No unique exact-name Wikidata item found in this search pass.
51,geonames_id,2640729,verified,https://sws.geonames.org/2640729/about.rdf,https://www.wikidata.org/wiki/Q34217,2026-09-20,Matching Wikidata city and country item confirms the GeoNames ID.
52,isil,,unresolved,,,2026-09-20,No exact issuing-registry match was confirmed for this institution or unit.
52,wikidata_qid,,unresolved,,,2026-09-20,No unique exact-name Wikidata item found in this search pass.
52,geonames_id,2643123,verified,https://sws.geonames.org/2643123/about.rdf,,2026-09-20,Unique populated-place match in country extract and exact-ID GeoNames RDF record.
53,isil,,unresolved,,,2026-09-20,No exact issuing-registry match was confirmed for this institution or unit.
53,wikidata_qid,,unresolved,,,2026-09-20,No unique exact-name Wikidata item found in this search pass.
53,geonames_id,2653941,verified,https://sws.geonames.org/2653941/about.rdf,https://www.wikidata.org/wiki/Q350,2026-09-20,Matching Wikidata city and country item confirms the GeoNames ID.
54,isil,,unresolved,,,2026-09-20,No exact issuing-registry match was confirmed for this institution or unit.
54,wikidata_qid,,unresolved,,,2026-09-20,No unique exact-name Wikidata item found in this search pass.
54,geonames_id,2653941,verified,https://sws.geonames.org/2653941/about.rdf,https://www.wikidata.org/wiki/Q350,2026-09-20,Matching Wikidata city and country item confirms the GeoNames ID.
55,isil,,unresolved,,,2026-09-20,No exact issuing-registry match was confirmed for this institution or unit.
55,wikidata_qid,,unresolved,,,2026-09-20,No matching official website or verified ISIL corroborated the candidate.
55,geonames_id,2644531,verified,https://sws.geonames.org/2644531/about.rdf,,2026-09-20,Unique populated-place match in country extract and exact-ID GeoNames RDF record.
56,isil,,unresolved,,,2026-09-20,No exact issuing-registry match was confirmed for this institution or unit.
56,wikidata_qid,,unresolved,,,2026-09-20,No matching official website or verified ISIL corroborated the candidate.
56,geonames_id,2653941,verified,https://sws.geonames.org/2653941/about.rdf,https://www.wikidata.org/wiki/Q350,2026-09-20,Matching Wikidata city and country item confirms the GeoNames ID.
57,isil,,unresolved,,,2026-09-20,No exact issuing-registry match was confirmed for this institution or unit.
57,wikidata_qid,,unresolved,,,2026-09-20,Candidate location did not confirm the listed city and country.
57,geonames_id,2653941,verified,https://sws.geonames.org/2653941/about.rdf,https://www.wikidata.org/wiki/Q350,2026-09-20,Matching Wikidata city and country item confirms the GeoNames ID.
59,isil,,unresolved,,,2026-09-20,No exact issuing-registry match was confirmed for this institution or unit.
59,wikidata_qid,,unresolved,,,2026-09-20,No unique exact-name Wikidata item found in this search pass.
59,geonames_id,2640729,verified,https://sws.geonames.org/2640729/about.rdf,https://www.wikidata.org/wiki/Q34217,2026-09-20,Matching Wikidata city and country item confirms the GeoNames ID.
60,isil,,unresolved,,,2026-09-20,No exact issuing-registry match was confirmed for this institution or unit.
60,wikidata_qid,,unresolved,,,2026-09-20,No unique exact-name Wikidata item found in this search pass.
60,geonames_id,2644688,verified,https://sws.geonames.org/2644688/about.rdf,https://www.wikidata.org/wiki/Q39121,2026-09-20,Matching Wikidata city and country item confirms the GeoNames ID.
61,isil,,unresolved,,,2026-09-20,No exact issuing-registry match was confirmed for this institution or unit.
61,wikidata_qid,,unresolved,,,2026-09-20,No unique exact-name Wikidata item found in this search pass.
61,geonames_id,2640729,verified,https://sws.geonames.org/2640729/about.rdf,https://www.wikidata.org/wiki/Q34217,2026-09-20,Matching Wikidata city and country item confirms the GeoNames ID.
62,isil,,unresolved,,,2026-09-20,No exact issuing-registry match was confirmed for this institution or unit.
62,wikidata_qid,,unresolved,,,2026-09-20,No unique exact-name Wikidata item found in this search pass.
62,geonames_id,2640729,verified,https://sws.geonames.org/2640729/about.rdf,https://www.wikidata.org/wiki/Q34217,2026-09-20,Matching Wikidata city and country item confirms the GeoNames ID.
63,isil,,unresolved,,,2026-09-20,No exact issuing-registry match was confirmed for this institution or unit.
63,wikidata_qid,,unresolved,,,2026-09-20,No unique exact-name Wikidata item found in this search pass.
63,geonames_id,2643743,verified,https://sws.geonames.org/2643743/about.rdf,,2026-09-20,Same-city institution location crosswalk confirms the GeoNames ID.
64,isil,,unresolved,,,2026-09-20,No exact issuing-registry match was confirmed for this institution or unit.
64,wikidata_qid,,unresolved,,,2026-09-20,No unique exact-name Wikidata item found in this search pass.
64,geonames_id,2653941,verified,https://sws.geonames.org/2653941/about.rdf,https://www.wikidata.org/wiki/Q350,2026-09-20,Matching Wikidata city and country item confirms the GeoNames ID.
65,isil,,unresolved,,,2026-09-20,No exact issuing-registry match was confirmed for this institution or unit.
65,wikidata_qid,Q734266,verified,https://www.wikidata.org/wiki/Q734266,http://courtauld.ac.uk/study/resources/book-library/collections-services/special-collections,2026-09-20,Exact institution item; country and city agree; official website matches.
65,geonames_id,2643743,verified,https://sws.geonames.org/2643743/about.rdf,,2026-09-20,Same-city institution location crosswalk confirms the GeoNames ID.
66,isil,,unresolved,,,2026-09-20,No exact issuing-registry match was confirmed for this institution or unit.
66,wikidata_qid,,unresolved,,,2026-09-20,No unique exact-name Wikidata item found in this search pass.
66,geonames_id,2643743,verified,https://sws.geonames.org/2643743/about.rdf,,2026-09-20,Same-city institution location crosswalk confirms the GeoNames ID.
67,isil,,unresolved,,,2026-09-20,No exact issuing-registry match was confirmed for this institution or unit.
67,wikidata_qid,,unresolved,,,2026-09-20,No unique exact-name Wikidata item found in this search pass.
67,geonames_id,2643743,verified,https://sws.geonames.org/2643743/about.rdf,,2026-09-20,Same-city institution location crosswalk confirms the GeoNames ID.
68,isil,,unresolved,,,2026-09-20,No exact issuing-registry match was confirmed for this institution or unit.
68,wikidata_qid,,unresolved,,,2026-09-20,No unique exact-name Wikidata item found in this search pass.
68,geonames_id,2643743,verified,https://sws.geonames.org/2643743/about.rdf,,2026-09-20,Same-city institution location crosswalk confirms the GeoNames ID.
69,isil,,unresolved,,,2026-09-20,No exact issuing-registry match was confirmed for this institution or unit.
69,wikidata_qid,,unresolved,,,2026-09-20,No unique exact-name Wikidata item found in this search pass.
69,geonames_id,2650628,verified,https://sws.geonames.org/2650628/about.rdf,,2026-09-20,Unique populated-place match in country extract and exact-ID GeoNames RDF record.
70,isil,,unresolved,,,2026-09-20,No exact issuing-registry match was confirmed for this institution or unit.
70,wikidata_qid,Q2901355,verified,https://www.wikidata.org/wiki/Q2901355,https://library.chethams.com/,2026-09-20,Exact institution item; country and city agree; official website matches.
70,geonames_id,2643123,verified,https://sws.geonames.org/2643123/about.rdf,,2026-09-20,Unique populated-place match in country extract and exact-ID GeoNames RDF record.
71,isil,,unresolved,,,2026-09-20,No exact issuing-registry match was confirmed for this institution or unit.
71,wikidata_qid,,unresolved,,,2026-09-20,No unique exact-name Wikidata item found in this search pass.
71,geonames_id,2643743,verified,https://sws.geonames.org/2643743/about.rdf,,2026-09-20,Same-city institution location crosswalk confirms the GeoNames ID.
72,isil,,unresolved,,,2026-09-20,No exact issuing-registry match was confirmed for this institution or unit.
72,wikidata_qid,,unresolved,,,2026-09-20,No unique exact-name Wikidata item found in this search pass.
72,geonames_id,588409,verified,https://sws.geonames.org/588409/about.rdf,,2026-09-20,Unique populated-place match in country extract and exact-ID GeoNames RDF record.
73,isil,,unresolved,,,2026-09-20,No exact issuing-registry match was confirmed for this institution or unit.
73,wikidata_qid,,unresolved,,,2026-09-20,Candidate location did not confirm the listed city and country.
73,geonames_id,588335,verified,https://sws.geonames.org/588335/about.rdf,,2026-09-20,Unique populated-place match in country extract and exact-ID GeoNames RDF record.
74,isil,,unresolved,,,2026-09-20,No exact issuing-registry match was confirmed for this institution or unit.
74,wikidata_qid,,unresolved,,,2026-09-20,No matching official website or verified ISIL corroborated the candidate.
74,geonames_id,588409,verified,https://sws.geonames.org/588409/about.rdf,,2026-09-20,Unique populated-place match in country extract and exact-ID GeoNames RDF record.
75,isil,,unresolved,,,2026-09-20,No exact issuing-registry match was confirmed for this institution or unit.
75,wikidata_qid,,unresolved,,,2026-09-20,No unique exact-name Wikidata item found in this search pass.
75,geonames_id,658225,verified,https://sws.geonames.org/658225/about.rdf,,2026-09-20,Unique populated-place match in country extract and exact-ID GeoNames RDF record.
76,isil,,unresolved,,,2026-09-20,No exact issuing-registry match was confirmed for this institution or unit.
76,wikidata_qid,Q4086346,verified,https://www.wikidata.org/wiki/Q4086346,https://www.abo.fi/biblioteket/,2026-09-20,Exact institution item; country and city agree; official website matches.
76,geonames_id,633679,verified,https://sws.geonames.org/633679/about.rdf,https://www.wikidata.org/wiki/Q38511,2026-09-20,Exact city item and coordinates confirm the GeoNames populated place.
77,isil,,unresolved,,,2026-09-20,No exact issuing-registry match was confirmed for this institution or unit.
77,wikidata_qid,,unresolved,,,2026-09-20,Candidate location did not confirm the listed city and country.
77,geonames_id,658225,verified,https://sws.geonames.org/658225/about.rdf,,2026-09-20,Unique populated-place match in country extract and exact-ID GeoNames RDF record.
78,isil,,unresolved,,,2026-09-20,No exact issuing-registry match was confirmed for this institution or unit.
78,wikidata_qid,,unresolved,,,2026-09-20,No unique exact-name Wikidata item found in this search pass.
78,geonames_id,3021000,verified,https://sws.geonames.org/3021000/about.rdf,,2026-09-20,Unique populated-place match in country extract and exact-ID GeoNames RDF record.
79,isil,,unresolved,,,2026-09-20,No exact issuing-registry match was confirmed for this institution or unit.
79,wikidata_qid,,unresolved,,,2026-09-20,No unique exact-name Wikidata item found in this search pass.
79,geonames_id,2984114,verified,https://sws.geonames.org/2984114/about.rdf,https://www.wikidata.org/wiki/Q41876,2026-09-20,Matching Wikidata city and country item confirms the GeoNames ID.
80,isil,,unresolved,,,2026-09-20,No exact issuing-registry match was confirmed for this institution or unit.
80,wikidata_qid,,unresolved,,,2026-09-20,No unique exact-name Wikidata item found in this search pass.
80,geonames_id,3037656,verified,https://sws.geonames.org/3037656/about.rdf,,2026-09-20,Unique populated-place match in country extract and exact-ID GeoNames RDF record.
81,isil,,unresolved,,,2026-09-20,No exact issuing-registry match was confirmed for this institution or unit.
81,wikidata_qid,,unresolved,,,2026-09-20,No matching official website or verified ISIL corroborated the candidate.
81,geonames_id,2996944,verified,https://sws.geonames.org/2996944/about.rdf,,2026-09-20,Unique populated-place match in country extract and exact-ID GeoNames RDF record.
82,isil,,unresolved,,,2026-09-20,No exact issuing-registry match was confirmed for this institution or unit.
82,wikidata_qid,,unresolved,,,2026-09-20,Candidate location did not confirm the listed city and country.
82,geonames_id,2996944,verified,https://sws.geonames.org/2996944/about.rdf,,2026-09-20,Unique populated-place match in country extract and exact-ID GeoNames RDF record.
83,isil,,unresolved,,,2026-09-20,No exact issuing-registry match was confirmed for this institution or unit.
83,wikidata_qid,,unresolved,,,2026-09-20,Candidate location did not confirm the listed city and country.
83,geonames_id,2972315,verified,https://sws.geonames.org/2972315/about.rdf,https://www.wikidata.org/wiki/Q7880,2026-09-20,Matching Wikidata city and country item confirms the GeoNames ID.
84,isil,,unresolved,,,2026-09-20,No exact issuing-registry match was confirmed for this institution or unit.
84,wikidata_qid,,unresolved,,,2026-09-20,No unique exact-name Wikidata item found in this search pass.
84,geonames_id,2988507,verified,https://sws.geonames.org/2988507/about.rdf,https://www.wikidata.org/wiki/Q90,2026-09-20,Matching Wikidata city and country item confirms the GeoNames ID.
85,isil,,unresolved,,,2026-09-20,No exact issuing-registry match was confirmed for this institution or unit.
85,wikidata_qid,,unresolved,,,2026-09-20,Candidate location did not confirm the listed city and country.
85,geonames_id,2971041,verified,https://sws.geonames.org/2971041/about.rdf,,2026-09-20,Unique populated-place match in country extract and exact-ID GeoNames RDF record.
86,isil,,unresolved,,,2026-09-20,No exact issuing-registry match was confirmed for this institution or unit.
86,wikidata_qid,,unresolved,,,2026-09-20,No matching official website or verified ISIL corroborated the candidate.
86,geonames_id,3037854,verified,https://sws.geonames.org/3037854/about.rdf,,2026-09-20,Unique populated-place match in country extract and exact-ID GeoNames RDF record.
87,isil,,unresolved,,,2026-09-20,No exact issuing-registry match was confirmed for this institution or unit.
87,wikidata_qid,,unresolved,,,2026-09-20,No unique exact-name Wikidata item found in this search pass.
87,geonames_id,2972191,verified,https://sws.geonames.org/2972191/about.rdf,https://www.wikidata.org/wiki/Q288,2026-09-20,Matching Wikidata city and country item confirms the GeoNames ID.
88,isil,,unresolved,,,2026-09-20,No exact issuing-registry match was confirmed for this institution or unit.
88,wikidata_qid,,unresolved,,,2026-09-20,No matching official website or verified ISIL corroborated the candidate.
88,geonames_id,2992166,verified,https://sws.geonames.org/2992166/about.rdf,https://www.wikidata.org/wiki/Q6441,2026-09-20,Matching Wikidata city and country item confirms the GeoNames ID.
89,isil,,unresolved,,,2026-09-20,No exact issuing-registry match was confirmed for this institution or unit.
89,wikidata_qid,,unresolved,,,2026-09-20,No matching official website or verified ISIL corroborated the candidate.
89,geonames_id,2988507,verified,https://sws.geonames.org/2988507/about.rdf,https://www.wikidata.org/wiki/Q90,2026-09-20,Matching Wikidata city and country item confirms the GeoNames ID.
90,isil,,unresolved,,,2026-09-20,No exact issuing-registry match was confirmed for this institution or unit.
90,wikidata_qid,,unresolved,,,2026-09-20,Candidate location did not confirm the listed city and country.
90,geonames_id,2973783,verified,https://sws.geonames.org/2973783/about.rdf,,2026-09-20,Unique populated-place match in country extract and exact-ID GeoNames RDF record.
91,isil,,unresolved,,,2026-09-20,No exact issuing-registry match was confirmed for this institution or unit.
91,wikidata_qid,,unresolved,,,2026-09-20,No unique exact-name Wikidata item found in this search pass.
91,geonames_id,3035681,verified,https://sws.geonames.org/3035681/about.rdf,,2026-09-20,Unique populated-place match in country extract and exact-ID GeoNames RDF record.
92,isil,,unresolved,,,2026-09-20,No exact issuing-registry match was confirmed for this institution or unit.
92,wikidata_qid,,unresolved,,,2026-09-20,No unique exact-name Wikidata item found in this search pass.
92,geonames_id,2970110,verified,https://sws.geonames.org/2970110/about.rdf,https://www.wikidata.org/wiki/Q214575,2026-09-20,Matching Wikidata city and country item confirms the GeoNames ID.
93,isil,,unresolved,,,2026-09-20,No exact issuing-registry match was confirmed for this institution or unit.
93,wikidata_qid,,unresolved,,,2026-09-20,No unique exact-name Wikidata item found in this search pass.
93,geonames_id,2988507,verified,https://sws.geonames.org/2988507/about.rdf,https://www.wikidata.org/wiki/Q90,2026-09-20,Matching Wikidata city and country item confirms the GeoNames ID.
94,isil,,unresolved,,,2026-09-20,No exact issuing-registry match was confirmed for this institution or unit.
94,wikidata_qid,,unresolved,,,2026-09-20,No unique exact-name Wikidata item found in this search pass.
94,geonames_id,3033123,verified,https://sws.geonames.org/3033123/about.rdf,,2026-09-20,Unique populated-place match in country extract and exact-ID GeoNames RDF record.
95,isil,,unresolved,,,2026-09-20,No exact issuing-registry match was confirmed for this institution or unit.
95,wikidata_qid,,unresolved,,,2026-09-20,No unique exact-name Wikidata item found in this search pass.
95,geonames_id,2989317,verified,https://sws.geonames.org/2989317/about.rdf,,2026-09-20,Unique populated-place match in country extract and exact-ID GeoNames RDF record.
96,isil,,unresolved,,,2026-09-20,No exact issuing-registry match was confirmed for this institution or unit.
96,wikidata_qid,,unresolved,,,2026-09-20,Candidate location did not confirm the listed city and country.
96,geonames_id,3035639,verified,https://sws.geonames.org/3035639/about.rdf,https://www.wikidata.org/wiki/Q204430,2026-09-20,Matching Wikidata city and country item confirms the GeoNames ID.
97,isil,,unresolved,,,2026-09-20,No exact issuing-registry match was confirmed for this institution or unit.
97,wikidata_qid,,unresolved,,,2026-09-20,No matching official website or verified ISIL corroborated the candidate.
97,geonames_id,3028542,verified,https://sws.geonames.org/3028542/about.rdf,,2026-09-20,Unique populated-place match in country extract and exact-ID GeoNames RDF record.
99,isil,,unresolved,,,2026-09-20,No exact issuing-registry match was confirmed for this institution or unit.
99,wikidata_qid,,unresolved,,,2026-09-20,No matching official website or verified ISIL corroborated the candidate.
99,geonames_id,3029241,verified,https://sws.geonames.org/3029241/about.rdf,,2026-09-20,Unique populated-place match in country extract and exact-ID GeoNames RDF record.
100,isil,,unresolved,,,2026-09-20,No exact issuing-registry match was confirmed for this institution or unit.
100,wikidata_qid,,unresolved,,,2026-09-20,No unique exact-name Wikidata item found in this search pass.
100,geonames_id,2982652,verified,https://sws.geonames.org/2982652/about.rdf,,2026-09-20,Unique populated-place match in country extract and exact-ID GeoNames RDF record.
101,isil,,unresolved,,,2026-09-20,No exact issuing-registry match was confirmed for this institution or unit.
101,wikidata_qid,,unresolved,,,2026-09-20,No matching official website or verified ISIL corroborated the candidate.
101,geonames_id,3035883,verified,https://sws.geonames.org/3035883/about.rdf,,2026-09-20,Unique populated-place match in country extract and exact-ID GeoNames RDF record.
102,isil,,unresolved,,,2026-09-20,No exact issuing-registry match was confirmed for this institution or unit.
102,wikidata_qid,,unresolved,,,2026-09-20,No matching official website or verified ISIL corroborated the candidate.
102,geonames_id,3038354,verified,https://sws.geonames.org/3038354/about.rdf,,2026-09-20,Unique populated-place match in country extract and exact-ID GeoNames RDF record.
103,isil,,unresolved,,,2026-09-20,No exact issuing-registry match was confirmed for this institution or unit.
103,wikidata_qid,,unresolved,,,2026-09-20,No unique exact-name Wikidata item found in this search pass.
103,geonames_id,3031005,verified,https://sws.geonames.org/3031005/about.rdf,,2026-09-20,Unique populated-place match in country extract and exact-ID GeoNames RDF record.
104,isil,,unresolved,,,2026-09-20,No exact issuing-registry match was confirmed for this institution or unit.
104,wikidata_qid,,unresolved,,,2026-09-20,No unique exact-name Wikidata item found in this search pass.
104,geonames_id,3038230,verified,https://sws.geonames.org/3038230/about.rdf,,2026-09-20,Unique populated-place match in country extract and exact-ID GeoNames RDF record.
105,isil,,unresolved,,,2026-09-20,No exact issuing-registry match was confirmed for this institution or unit.
105,wikidata_qid,,unresolved,,,2026-09-20,No matching official website or verified ISIL corroborated the candidate.
105,geonames_id,2988507,verified,https://sws.geonames.org/2988507/about.rdf,https://www.wikidata.org/wiki/Q90,2026-09-20,Matching Wikidata city and country item confirms the GeoNames ID.
106,isil,,unresolved,,,2026-09-20,No exact issuing-registry match was confirmed for this institution or unit.
106,wikidata_qid,,unresolved,,,2026-09-20,No unique exact-name Wikidata item found in this search pass.
106,geonames_id,3024297,verified,https://sws.geonames.org/3024297/about.rdf,,2026-09-20,Unique populated-place match in country extract and exact-ID GeoNames RDF record.
107,isil,,unresolved,,,2026-09-20,No exact issuing-registry match was confirmed for this institution or unit.
107,wikidata_qid,,unresolved,,,2026-09-20,No unique exact-name Wikidata item found in this search pass.
107,geonames_id,,unresolved,,,2026-09-20,10 same-name place candidates; no unique location crosswalk.
108,isil,,unresolved,,,2026-09-20,No exact issuing-registry match was confirmed for this institution or unit.
108,wikidata_qid,,unresolved,,,2026-09-20,No unique exact-name Wikidata item found in this search pass.
108,geonames_id,2995469,verified,https://sws.geonames.org/2995469/about.rdf,https://www.wikidata.org/wiki/Q23482,2026-09-20,Matching Wikidata city and country item confirms the GeoNames ID.
109,isil,,unresolved,,,2026-09-20,No exact issuing-registry match was confirmed for this institution or unit.
109,wikidata_qid,,unresolved,,,2026-09-20,No matching official website or verified ISIL corroborated the candidate.
109,geonames_id,3038261,verified,https://sws.geonames.org/3038261/about.rdf,https://www.wikidata.org/wiki/Q132801,2026-09-20,Matching Wikidata city and country item confirms the GeoNames ID.
110,isil,,unresolved,,,2026-09-20,No exact issuing-registry match was confirmed for this institution or unit.
110,wikidata_qid,,unresolved,,,2026-09-20,No unique exact-name Wikidata item found in this search pass.
110,geonames_id,2994651,verified,https://sws.geonames.org/2994651/about.rdf,,2026-09-20,Unique populated-place match in country extract and exact-ID GeoNames RDF record.
111,isil,,unresolved,,,2026-09-20,No exact issuing-registry match was confirmed for this institution or unit.
111,wikidata_qid,,unresolved,,,2026-09-20,No unique exact-name Wikidata item found in this search pass.
111,geonames_id,3036784,verified,https://sws.geonames.org/3036784/about.rdf,https://www.wikidata.org/wiki/Q131329,2026-09-20,Matching Wikidata city and country item confirms the GeoNames ID.
113,isil,,unresolved,,,2026-09-20,No exact issuing-registry match was confirmed for this institution or unit.
113,wikidata_qid,,unresolved,,,2026-09-20,No unique exact-name Wikidata item found in this search pass.
113,geonames_id,,unresolved,,,2026-09-20,2 same-name place candidates; no unique location crosswalk.
114,isil,,unresolved,,,2026-09-20,No exact issuing-registry match was confirmed for this institution or unit.
114,wikidata_qid,,unresolved,,,2026-09-20,No unique exact-name Wikidata item found in this search pass.
114,geonames_id,3021263,verified,https://sws.geonames.org/3021263/about.rdf,,2026-09-20,Unique populated-place match in country extract and exact-ID GeoNames RDF record.
115,isil,,unresolved,,,2026-09-20,No exact issuing-registry match was confirmed for this institution or unit.
115,wikidata_qid,,unresolved,,,2026-09-20,No unique exact-name Wikidata item found in this search pass.
115,geonames_id,3027487,verified,https://sws.geonames.org/3027487/about.rdf,,2026-09-20,Unique populated-place match in country extract and exact-ID GeoNames RDF record.
116,isil,,unresolved,,,2026-09-20,No exact issuing-registry match was confirmed for this institution or unit.
116,wikidata_qid,,unresolved,,,2026-09-20,No unique exact-name Wikidata item found in this search pass.
116,geonames_id,,unresolved,,,2026-09-20,2 same-name place candidates; no unique location crosswalk.
117,isil,,unresolved,,,2026-09-20,No exact issuing-registry match was confirmed for this institution or unit.
117,wikidata_qid,,unresolved,,,2026-09-20,Candidate location did not confirm the listed city and country.
117,geonames_id,3038789,verified,https://sws.geonames.org/3038789/about.rdf,https://www.wikidata.org/wiki/Q28520,2026-09-20,Matching Wikidata city and country item confirms the GeoNames ID.
118,isil,,unresolved,,,2026-09-20,No exact issuing-registry match was confirmed for this institution or unit.
118,wikidata_qid,,unresolved,,,2026-09-20,No unique exact-name Wikidata item found in this search pass.
118,geonames_id,2983154,verified,https://sws.geonames.org/2983154/about.rdf,,2026-09-20,Unique populated-place match in country extract and exact-ID GeoNames RDF record.
119,isil,,unresolved,,,2026-09-20,No exact issuing-registry match was confirmed for this institution or unit.
119,wikidata_qid,,unresolved,,,2026-09-20,No unique exact-name Wikidata item found in this search pass.
119,geonames_id,2983154,verified,https://sws.geonames.org/2983154/about.rdf,,2026-09-20,Unique populated-place match in country extract and exact-ID GeoNames RDF record.
120,isil,,unresolved,,,2026-09-20,No exact issuing-registry match was confirmed for this institution or unit.
120,wikidata_qid,,unresolved,,,2026-09-20,No matching official website or verified ISIL corroborated the candidate.
120,geonames_id,2993002,verified,https://sws.geonames.org/2993002/about.rdf,https://www.wikidata.org/wiki/Q172593,2026-09-20,Matching Wikidata city and country item confirms the GeoNames ID.
121,isil,,unresolved,,,2026-09-20,No exact issuing-registry match was confirmed for this institution or unit.
121,wikidata_qid,,unresolved,,,2026-09-20,No unique exact-name Wikidata item found in this search pass.
121,geonames_id,2985229,verified,https://sws.geonames.org/2985229/about.rdf,,2026-09-20,Unique populated-place match in country extract and exact-ID GeoNames RDF record.
122,isil,,unresolved,,,2026-09-20,No exact issuing-registry match was confirmed for this institution or unit.
122,wikidata_qid,,unresolved,,,2026-09-20,No unique exact-name Wikidata item found in this search pass.
122,geonames_id,3027422,verified,https://sws.geonames.org/3027422/about.rdf,https://www.wikidata.org/wiki/Q165090,2026-09-20,Matching Wikidata city and country item confirms the GeoNames ID.
123,isil,,unresolved,,,2026-09-20,No exact issuing-registry match was confirmed for this institution or unit.
123,wikidata_qid,,unresolved,,,2026-09-20,No unique exact-name Wikidata item found in this search pass.
123,geonames_id,3036281,verified,https://sws.geonames.org/3036281/about.rdf,,2026-09-20,Unique populated-place match in country extract and exact-ID GeoNames RDF record.
124,isil,,unresolved,,,2026-09-20,No exact issuing-registry match was confirmed for this institution or unit.
124,wikidata_qid,,unresolved,,,2026-09-20,No unique exact-name Wikidata item found in this search pass.
124,geonames_id,2990440,verified,https://sws.geonames.org/2990440/about.rdf,,2026-09-20,Unique populated-place match in country extract and exact-ID GeoNames RDF record.
125,isil,,unresolved,,,2026-09-20,No exact issuing-registry match was confirmed for this institution or unit.
125,wikidata_qid,,unresolved,,,2026-09-20,No unique exact-name Wikidata item found in this search pass.
125,geonames_id,2970860,verified,https://sws.geonames.org/2970860/about.rdf,,2026-09-20,Unique populated-place match in country extract and exact-ID GeoNames RDF record.
126,isil,,unresolved,,,2026-09-20,No exact issuing-registry match was confirmed for this institution or unit.
126,wikidata_qid,,unresolved,,,2026-09-20,No matching official website or verified ISIL corroborated the candidate.
126,geonames_id,2983990,verified,https://sws.geonames.org/2983990/about.rdf,https://www.wikidata.org/wiki/Q647,2026-09-20,Matching Wikidata city and country item confirms the GeoNames ID.
127,isil,,unresolved,,,2026-09-20,No exact issuing-registry match was confirmed for this institution or unit.
127,wikidata_qid,,unresolved,,,2026-09-20,Candidate location did not confirm the listed city and country.
127,geonames_id,,unresolved,,,2026-09-20,8 same-name place candidates; no unique location crosswalk.
128,isil,,unresolved,,,2026-09-20,No exact issuing-registry match was confirmed for this institution or unit.
128,wikidata_qid,,unresolved,,,2026-09-20,No unique exact-name Wikidata item found in this search pass.
128,geonames_id,2989317,verified,https://sws.geonames.org/2989317/about.rdf,,2026-09-20,Unique populated-place match in country extract and exact-ID GeoNames RDF record.
129,isil,,unresolved,,,2026-09-20,No exact issuing-registry match was confirmed for this institution or unit.
129,wikidata_qid,,unresolved,,,2026-09-20,Candidate location did not confirm the listed city and country.
129,geonames_id,3025466,verified,https://sws.geonames.org/3025466/about.rdf,,2026-09-20,Unique populated-place match in country extract and exact-ID GeoNames RDF record.
130,isil,,unresolved,,,2026-09-20,No exact issuing-registry match was confirmed for this institution or unit.
130,wikidata_qid,,unresolved,,,2026-09-20,No matching official website or verified ISIL corroborated the candidate.
130,geonames_id,2998324,verified,https://sws.geonames.org/2998324/about.rdf,,2026-09-20,Unique populated-place match in country extract and exact-ID GeoNames RDF record.
131,isil,,unresolved,,,2026-09-20,No exact issuing-registry match was confirmed for this institution or unit.
131,wikidata_qid,,unresolved,,,2026-09-20,No matching official website or verified ISIL corroborated the candidate.
131,geonames_id,2977845,verified,https://sws.geonames.org/2977845/about.rdf,https://www.wikidata.org/wiki/Q208793,2026-09-20,Matching Wikidata city and country item confirms the GeoNames ID.
132,isil,,unresolved,,,2026-09-20,No exact issuing-registry match was confirmed for this institution or unit.
132,wikidata_qid,,unresolved,,,2026-09-20,No matching official website or verified ISIL corroborated the candidate.
132,geonames_id,3007680,verified,https://sws.geonames.org/3007680/about.rdf,,2026-09-20,Unique populated-place match in country extract and exact-ID GeoNames RDF record.
133,isil,,unresolved,,,2026-09-20,No exact issuing-registry match was confirmed for this institution or unit.
133,wikidata_qid,,unresolved,,,2026-09-20,No unique exact-name Wikidata item found in this search pass.
133,geonames_id,3019265,verified,https://sws.geonames.org/3019265/about.rdf,,2026-09-20,Unique populated-place match in country extract and exact-ID GeoNames RDF record.
134,isil,,unresolved,,,2026-09-20,No exact issuing-registry match was confirmed for this institution or unit.
134,wikidata_qid,,unresolved,,,2026-09-20,Candidate location did not confirm the listed city and country.
134,geonames_id,2981280,verified,https://sws.geonames.org/2981280/about.rdf,https://www.wikidata.org/wiki/Q29234,2026-09-20,Matching Wikidata city and country item confirms the GeoNames ID.
135,isil,,unresolved,,,2026-09-20,No exact issuing-registry match was confirmed for this institution or unit.
135,wikidata_qid,,unresolved,,,2026-09-20,No unique exact-name Wikidata item found in this search pass.
135,geonames_id,3018174,verified,https://sws.geonames.org/3018174/about.rdf,https://www.wikidata.org/wiki/Q184392,2026-09-20,Matching Wikidata city and country item confirms the GeoNames ID.
136,isil,,unresolved,,,2026-09-20,No exact issuing-registry match was confirmed for this institution or unit.
136,wikidata_qid,,unresolved,,,2026-09-20,No unique exact-name Wikidata item found in this search pass.
136,geonames_id,2975143,verified,https://sws.geonames.org/2975143/about.rdf,,2026-09-20,Unique populated-place match in country extract and exact-ID GeoNames RDF record.
137,isil,,unresolved,,,2026-09-20,No exact issuing-registry match was confirmed for this institution or unit.
137,wikidata_qid,,unresolved,,,2026-09-20,No unique exact-name Wikidata item found in this search pass.
137,geonames_id,2975758,verified,https://sws.geonames.org/2975758/about.rdf,,2026-09-20,Unique populated-place match in country extract and exact-ID GeoNames RDF record.
138,isil,,unresolved,,,2026-09-20,No exact issuing-registry match was confirmed for this institution or unit.
138,wikidata_qid,,unresolved,,,2026-09-20,No unique exact-name Wikidata item found in this search pass.
138,geonames_id,2973783,verified,https://sws.geonames.org/2973783/about.rdf,,2026-09-20,Unique populated-place match in country extract and exact-ID GeoNames RDF record.
139,isil,,unresolved,,,2026-09-20,No exact issuing-registry match was confirmed for this institution or unit.
139,wikidata_qid,,unresolved,,,2026-09-20,No unique exact-name Wikidata item found in this search pass.
139,geonames_id,3026204,verified,https://sws.geonames.org/3026204/about.rdf,https://www.wikidata.org/wiki/Q174251,2026-09-20,Matching Wikidata city and country item confirms the GeoNames ID.
140,isil,,unresolved,,,2026-09-20,No exact issuing-registry match was confirmed for this institution or unit.
140,wikidata_qid,,unresolved,,,2026-09-20,No unique exact-name Wikidata item found in this search pass.
140,geonames_id,3032213,verified,https://sws.geonames.org/3032213/about.rdf,https://www.wikidata.org/wiki/Q160927,2026-09-20,Matching Wikidata city and country item confirms the GeoNames ID.
141,isil,,unresolved,,,2026-09-20,No exact issuing-registry match was confirmed for this institution or unit.
141,wikidata_qid,,unresolved,,,2026-09-20,No unique exact-name Wikidata item found in this search pass.
141,geonames_id,2981077,verified,https://sws.geonames.org/2981077/about.rdf,https://www.wikidata.org/wiki/Q212444,2026-09-20,Matching Wikidata city and country item confirms the GeoNames ID.
142,isil,,unresolved,,,2026-09-20,No exact issuing-registry match was confirmed for this institution or unit.
142,wikidata_qid,,unresolved,,,2026-09-20,No unique exact-name Wikidata item found in this search pass.
142,geonames_id,3020850,verified,https://sws.geonames.org/3020850/about.rdf,,2026-09-20,Unique populated-place match in country extract and exact-ID GeoNames RDF record.
143,isil,,unresolved,,,2026-09-20,No exact issuing-registry match was confirmed for this institution or unit.
143,wikidata_qid,,unresolved,,,2026-09-20,No unique exact-name Wikidata item found in this search pass.
143,geonames_id,2993875,verified,https://sws.geonames.org/2993875/about.rdf,,2026-09-20,Unique populated-place match in country extract and exact-ID GeoNames RDF record.
144,isil,,unresolved,,,2026-09-20,No exact issuing-registry match was confirmed for this institution or unit.
144,wikidata_qid,,unresolved,,,2026-09-20,No unique exact-name Wikidata item found in this search pass.
144,geonames_id,2983154,verified,https://sws.geonames.org/2983154/about.rdf,,2026-09-20,Unique populated-place match in country extract and exact-ID GeoNames RDF record.
145,isil,,unresolved,,,2026-09-20,No exact issuing-registry match was confirmed for this institution or unit.
145,wikidata_qid,,unresolved,,,2026-09-20,No unique exact-name Wikidata item found in this search pass.
145,geonames_id,3017253,verified,https://sws.geonames.org/3017253/about.rdf,https://www.wikidata.org/wiki/Q215155,2026-09-20,Matching Wikidata city and country item confirms the GeoNames ID.
146,isil,,unresolved,,,2026-09-20,No exact issuing-registry match was confirmed for this institution or unit.
146,wikidata_qid,,unresolved,,,2026-09-20,Candidate location did not confirm the listed city and country.
146,geonames_id,,unresolved,,,2026-09-20,4 same-name place candidates; no unique location crosswalk.
147,isil,,unresolved,,,2026-09-20,No exact issuing-registry match was confirmed for this institution or unit.
147,wikidata_qid,,unresolved,,,2026-09-20,No unique exact-name Wikidata item found in this search pass.
147,geonames_id,3014078,verified,https://sws.geonames.org/3014078/about.rdf,,2026-09-20,Unique populated-place match in country extract and exact-ID GeoNames RDF record.
148,isil,,unresolved,,,2026-09-20,No exact issuing-registry match was confirmed for this institution or unit.
148,wikidata_qid,,unresolved,,,2026-09-20,No unique exact-name Wikidata item found in this search pass.
148,geonames_id,3005866,verified,https://sws.geonames.org/3005866/about.rdf,https://www.wikidata.org/wiki/Q184154,2026-09-20,Exact city item and coordinates confirm the GeoNames populated place.
149,isil,,unresolved,,,2026-09-20,No exact issuing-registry match was confirmed for this institution or unit.
149,wikidata_qid,,unresolved,,,2026-09-20,No unique exact-name Wikidata item found in this search pass.
149,geonames_id,2975758,verified,https://sws.geonames.org/2975758/about.rdf,,2026-09-20,Unique populated-place match in country extract and exact-ID GeoNames RDF record.
150,isil,,unresolved,,,2026-09-20,No exact issuing-registry match was confirmed for this institution or unit.
150,wikidata_qid,,unresolved,,,2026-09-20,No unique exact-name Wikidata item found in this search pass.
150,geonames_id,3029213,verified,https://sws.geonames.org/3029213/about.rdf,,2026-09-20,Unique populated-place match in country extract and exact-ID GeoNames RDF record.
151,isil,,unresolved,,,2026-09-20,No exact issuing-registry match was confirmed for this institution or unit.
151,wikidata_qid,,unresolved,,,2026-09-20,No unique exact-name Wikidata item found in this search pass.
151,geonames_id,2998150,verified,https://sws.geonames.org/2998150/about.rdf,,2026-09-20,Unique populated-place match in country extract and exact-ID GeoNames RDF record.
152,isil,,unresolved,,,2026-09-20,No exact issuing-registry match was confirmed for this institution or unit.
152,wikidata_qid,,unresolved,,,2026-09-20,No unique exact-name Wikidata item found in this search pass.
152,geonames_id,2990969,verified,https://sws.geonames.org/2990969/about.rdf,https://www.wikidata.org/wiki/Q12191,2026-09-20,Matching Wikidata city and country item confirms the GeoNames ID.
153,isil,,unresolved,,,2026-09-20,No exact issuing-registry match was confirmed for this institution or unit.
153,wikidata_qid,,unresolved,,,2026-09-20,No unique exact-name Wikidata item found in this search pass.
153,geonames_id,2974389,verified,https://sws.geonames.org/2974389/about.rdf,https://www.wikidata.org/wiki/Q167152,2026-09-20,Matching Wikidata city and country item confirms the GeoNames ID.
154,isil,,unresolved,,,2026-09-20,No exact issuing-registry match was confirmed for this institution or unit.
154,wikidata_qid,,unresolved,,,2026-09-20,No unique exact-name Wikidata item found in this search pass.
154,geonames_id,,unresolved,,,2026-09-20,4 same-name place candidates; no unique location crosswalk.
155,isil,,unresolved,,,2026-09-20,No exact issuing-registry match was confirmed for this institution or unit.
155,wikidata_qid,,unresolved,,,2026-09-20,No unique exact-name Wikidata item found in this search pass.
155,geonames_id,2988507,verified,https://sws.geonames.org/2988507/about.rdf,https://www.wikidata.org/wiki/Q90,2026-09-20,Matching Wikidata city and country item confirms the GeoNames ID.
156,isil,,unresolved,,,2026-09-20,No exact issuing-registry match was confirmed for this institution or unit.
156,wikidata_qid,,unresolved,,,2026-09-20,No unique exact-name Wikidata item found in this search pass.
156,geonames_id,3037656,verified,https://sws.geonames.org/3037656/about.rdf,,2026-09-20,Unique populated-place match in country extract and exact-ID GeoNames RDF record.
157,isil,,unresolved,,,2026-09-20,No exact issuing-registry match was confirmed for this institution or unit.
157,wikidata_qid,,unresolved,,,2026-09-20,No unique exact-name Wikidata item found in this search pass.
157,geonames_id,3026273,verified,https://sws.geonames.org/3026273/about.rdf,,2026-09-20,Unique populated-place match in country extract and exact-ID GeoNames RDF record.
158,isil,,unresolved,,,2026-09-20,No exact issuing-registry match was confirmed for this institution or unit.
158,wikidata_qid,,unresolved,,,2026-09-20,No unique exact-name Wikidata item found in this search pass.
158,geonames_id,3003796,verified,https://sws.geonames.org/3003796/about.rdf,https://www.wikidata.org/wiki/Q42810,2026-09-20,Matching Wikidata city and country item confirms the GeoNames ID.
159,isil,,unresolved,,,2026-09-20,No exact issuing-registry match was confirmed for this institution or unit.
159,wikidata_qid,,unresolved,,,2026-09-20,No unique exact-name Wikidata item found in this search pass.
159,geonames_id,3013173,verified,https://sws.geonames.org/3013173/about.rdf,,2026-09-20,Unique populated-place match in country extract and exact-ID GeoNames RDF record.
160,isil,,unresolved,,,2026-09-20,No exact issuing-registry match was confirmed for this institution or unit.
160,wikidata_qid,,unresolved,,,2026-09-20,No matching official website or verified ISIL corroborated the candidate.
160,geonames_id,2994160,verified,https://sws.geonames.org/2994160/about.rdf,https://www.wikidata.org/wiki/Q22690,2026-09-20,Matching Wikidata city and country item confirms the GeoNames ID.
161,isil,,unresolved,,,2026-09-20,No exact issuing-registry match was confirmed for this institution or unit.
161,wikidata_qid,,unresolved,,,2026-09-20,No unique exact-name Wikidata item found in this search pass.
161,geonames_id,2992938,verified,https://sws.geonames.org/2992938/about.rdf,,2026-09-20,Unique populated-place match in country extract and exact-ID GeoNames RDF record.
162,isil,,unresolved,,,2026-09-20,No exact issuing-registry match was confirmed for this institution or unit.
162,wikidata_qid,,unresolved,,,2026-09-20,Candidate location did not confirm the listed city and country.
162,geonames_id,3035418,verified,https://sws.geonames.org/3035418/about.rdf,,2026-09-20,Unique populated-place match in country extract and exact-ID GeoNames RDF record.
163,isil,,unresolved,,,2026-09-20,No exact issuing-registry match was confirmed for this institution or unit.
163,wikidata_qid,,unresolved,,,2026-09-20,No unique exact-name Wikidata item found in this search pass.
163,geonames_id,3012937,verified,https://sws.geonames.org/3012937/about.rdf,,2026-09-20,Unique populated-place match in country extract and exact-ID GeoNames RDF record.
164,isil,,unresolved,,,2026-09-20,No exact issuing-registry match was confirmed for this institution or unit.
164,wikidata_qid,,unresolved,,,2026-09-20,No unique exact-name Wikidata item found in this search pass.
164,geonames_id,2981663,verified,https://sws.geonames.org/2981663/about.rdf,,2026-09-20,Unique populated-place match in country extract and exact-ID GeoNames RDF record.
165,isil,,unresolved,,,2026-09-20,No exact issuing-registry match was confirmed for this institution or unit.
165,wikidata_qid,,unresolved,,,2026-09-20,No matching official website or verified ISIL corroborated the candidate.
165,geonames_id,,unresolved,,,2026-09-20,2 same-name place candidates; no unique location crosswalk.
166,isil,,unresolved,,,2026-09-20,No exact issuing-registry match was confirmed for this institution or unit.
166,wikidata_qid,,unresolved,,,2026-09-20,No unique exact-name Wikidata item found in this search pass.
166,geonames_id,2990969,verified,https://sws.geonames.org/2990969/about.rdf,https://www.wikidata.org/wiki/Q12191,2026-09-20,Matching Wikidata city and country item confirms the GeoNames ID.
167,isil,,unresolved,,,2026-09-20,No exact issuing-registry match was confirmed for this institution or unit.
167,wikidata_qid,,unresolved,,,2026-09-20,No unique exact-name Wikidata item found in this search pass.
167,geonames_id,2990969,verified,https://sws.geonames.org/2990969/about.rdf,https://www.wikidata.org/wiki/Q12191,2026-09-20,Matching Wikidata city and country item confirms the GeoNames ID.
168,isil,,unresolved,,,2026-09-20,No exact issuing-registry match was confirmed for this institution or unit.
168,wikidata_qid,,unresolved,,,2026-09-20,Candidate location did not confirm the listed city and country.
168,geonames_id,2990474,verified,https://sws.geonames.org/2990474/about.rdf,,2026-09-20,Unique populated-place match in country extract and exact-ID GeoNames RDF record.
169,isil,,unresolved,,,2026-09-20,No exact issuing-registry match was confirmed for this institution or unit.
169,wikidata_qid,,unresolved,,,2026-09-20,No unique exact-name Wikidata item found in this search pass.
169,geonames_id,2984701,verified,https://sws.geonames.org/2984701/about.rdf,,2026-09-20,Unique populated-place match in country extract and exact-ID GeoNames RDF record.
170,isil,,unresolved,,,2026-09-20,No exact issuing-registry match was confirmed for this institution or unit.
170,wikidata_qid,,unresolved,,,2026-09-20,No unique exact-name Wikidata item found in this search pass.
170,geonames_id,2970777,verified,https://sws.geonames.org/2970777/about.rdf,https://www.wikidata.org/wiki/Q49277117,2026-09-20,Matching Wikidata city and country item confirms the GeoNames ID.
171,isil,,unresolved,,,2026-09-20,No exact issuing-registry match was confirmed for this institution or unit.
171,wikidata_qid,,unresolved,,,2026-09-20,No unique exact-name Wikidata item found in this search pass.
171,geonames_id,2973385,verified,https://sws.geonames.org/2973385/about.rdf,,2026-09-20,Unique populated-place match in country extract and exact-ID GeoNames RDF record.
172,isil,,unresolved,,,2026-09-20,No exact issuing-registry match was confirmed for this institution or unit.
172,wikidata_qid,,unresolved,,,2026-09-20,No unique exact-name Wikidata item found in this search pass.
172,geonames_id,2985982,verified,https://sws.geonames.org/2985982/about.rdf,,2026-09-20,Unique populated-place match in country extract and exact-ID GeoNames RDF record.
173,isil,,unresolved,,,2026-09-20,No exact issuing-registry match was confirmed for this institution or unit.
173,wikidata_qid,,unresolved,,,2026-09-20,Candidate location did not confirm the listed city and country.
173,geonames_id,3028322,verified,https://sws.geonames.org/3028322/about.rdf,,2026-09-20,Unique populated-place match in country extract and exact-ID GeoNames RDF record.
174,isil,,unresolved,,,2026-09-20,No exact issuing-registry match was confirmed for this institution or unit.
174,wikidata_qid,,unresolved,,,2026-09-20,No unique exact-name Wikidata item found in this search pass.
174,geonames_id,2989877,verified,https://sws.geonames.org/2989877/about.rdf,,2026-09-20,Unique populated-place match in country extract and exact-ID GeoNames RDF record.
175,isil,,unresolved,,,2026-09-20,No exact issuing-registry match was confirmed for this institution or unit.
175,wikidata_qid,,unresolved,,,2026-09-20,Candidate location did not confirm the listed city and country.
175,geonames_id,3037051,verified,https://sws.geonames.org/3037051/about.rdf,,2026-09-20,Unique populated-place match in country extract and exact-ID GeoNames RDF record.
176,isil,,unresolved,,,2026-09-20,No exact issuing-registry match was confirmed for this institution or unit.
176,wikidata_qid,,unresolved,,,2026-09-20,No unique exact-name Wikidata item found in this search pass.
176,geonames_id,3030300,verified,https://sws.geonames.org/3030300/about.rdf,,2026-09-20,Unique populated-place match in country extract and exact-ID GeoNames RDF record.
177,isil,,unresolved,,,2026-09-20,No exact issuing-registry match was confirmed for this institution or unit.
177,wikidata_qid,,unresolved,,,2026-09-20,No unique exact-name Wikidata item found in this search pass.
177,geonames_id,3029241,verified,https://sws.geonames.org/3029241/about.rdf,,2026-09-20,Unique populated-place match in country extract and exact-ID GeoNames RDF record.
178,isil,,unresolved,,,2026-09-20,No exact issuing-registry match was confirmed for this institution or unit.
178,wikidata_qid,,unresolved,,,2026-09-20,No unique exact-name Wikidata item found in this search pass.
178,geonames_id,3022826,verified,https://sws.geonames.org/3022826/about.rdf,,2026-09-20,Unique populated-place match in country extract and exact-ID GeoNames RDF record.
179,isil,,unresolved,,,2026-09-20,No exact issuing-registry match was confirmed for this institution or unit.
179,wikidata_qid,,unresolved,,,2026-09-20,No unique exact-name Wikidata item found in this search pass.
179,geonames_id,3012319,verified,https://sws.geonames.org/3012319/about.rdf,https://www.wikidata.org/wiki/Q476584,2026-09-20,Matching Wikidata city and country item confirms the GeoNames ID.
180,isil,,unresolved,,,2026-09-20,No exact issuing-registry match was confirmed for this institution or unit.
180,wikidata_qid,,unresolved,,,2026-09-20,No matching official website or verified ISIL corroborated the candidate.
180,geonames_id,2986495,verified,https://sws.geonames.org/2986495/about.rdf,,2026-09-20,Unique populated-place match in country extract and exact-ID GeoNames RDF record.
181,isil,,unresolved,,,2026-09-20,No exact issuing-registry match was confirmed for this institution or unit.
181,wikidata_qid,,unresolved,,,2026-09-20,No matching official website or verified ISIL corroborated the candidate.
181,geonames_id,2980827,verified,https://sws.geonames.org/2980827/about.rdf,,2026-09-20,Unique populated-place match in country extract and exact-ID GeoNames RDF record.
182,isil,,unresolved,,,2026-09-20,No exact issuing-registry match was confirmed for this institution or unit.
182,wikidata_qid,,unresolved,,,2026-09-20,No unique exact-name Wikidata item found in this search pass.
182,geonames_id,2972203,verified,https://sws.geonames.org/2972203/about.rdf,,2026-09-20,Unique populated-place match in country extract and exact-ID GeoNames RDF record.
183,isil,,unresolved,,,2026-09-20,No exact issuing-registry match was confirmed for this institution or unit.
183,wikidata_qid,,unresolved,,,2026-09-20,No unique exact-name Wikidata item found in this search pass.
183,geonames_id,,unresolved,,,2026-09-20,3 same-name place candidates; no unique location crosswalk.
184,isil,,unresolved,,,2026-09-20,No exact issuing-registry match was confirmed for this institution or unit.
184,wikidata_qid,Q2901456,verified,https://www.wikidata.org/wiki/Q2901456,http://www.bm-grenoble.fr/,2026-09-20,Exact institution item; country and city agree; official website matches.
184,geonames_id,3014728,verified,https://sws.geonames.org/3014728/about.rdf,,2026-09-20,Unique populated-place match in country extract and exact-ID GeoNames RDF record.
185,isil,,unresolved,,,2026-09-20,No exact issuing-registry match was confirmed for this institution or unit.
185,wikidata_qid,,unresolved,,,2026-09-20,No matching official website or verified ISIL corroborated the candidate.
185,geonames_id,2988507,verified,https://sws.geonames.org/2988507/about.rdf,https://www.wikidata.org/wiki/Q90,2026-09-20,Matching Wikidata city and country item confirms the GeoNames ID.
186,isil,,unresolved,,,2026-09-20,No exact issuing-registry match was confirmed for this institution or unit.
186,wikidata_qid,,unresolved,,,2026-09-20,No unique exact-name Wikidata item found in this search pass.
186,geonames_id,2988507,verified,https://sws.geonames.org/2988507/about.rdf,https://www.wikidata.org/wiki/Q90,2026-09-20,Matching Wikidata city and country item confirms the GeoNames ID.
187,isil,,unresolved,,,2026-09-20,No exact issuing-registry match was confirmed for this institution or unit.
187,wikidata_qid,,unresolved,,,2026-09-20,No unique exact-name Wikidata item found in this search pass.
187,geonames_id,3007477,verified,https://sws.geonames.org/3007477/about.rdf,,2026-09-20,Unique populated-place match in country extract and exact-ID GeoNames RDF record.
188,isil,,unresolved,,,2026-09-20,No exact issuing-registry match was confirmed for this institution or unit.
188,wikidata_qid,,unresolved,,,2026-09-20,Candidate location did not confirm the listed city and country.
188,geonames_id,2994651,verified,https://sws.geonames.org/2994651/about.rdf,,2026-09-20,Unique populated-place match in country extract and exact-ID GeoNames RDF record.
192,isil,,unresolved,,,2026-09-20,No exact issuing-registry match was confirmed for this institution or unit.
192,wikidata_qid,,unresolved,,,2026-09-20,No matching official website or verified ISIL corroborated the candidate.
192,geonames_id,3031582,verified,https://sws.geonames.org/3031582/about.rdf,https://www.wikidata.org/wiki/Q1479,2026-09-20,Matching Wikidata city and country item confirms the GeoNames ID.
193,isil,,unresolved,,,2026-09-20,No exact issuing-registry match was confirmed for this institution or unit.
193,wikidata_qid,,unresolved,,,2026-09-20,No unique exact-name Wikidata item found in this search pass.
193,geonames_id,2988358,verified,https://sws.geonames.org/2988358/about.rdf,https://www.wikidata.org/wiki/Q132671,2026-09-20,Matching Wikidata city and country item confirms the GeoNames ID.
194,isil,,unresolved,,,2026-09-20,No exact issuing-registry match was confirmed for this institution or unit.
194,wikidata_qid,,unresolved,,,2026-09-20,No matching official website or verified ISIL corroborated the candidate.
194,geonames_id,3031582,verified,https://sws.geonames.org/3031582/about.rdf,https://www.wikidata.org/wiki/Q1479,2026-09-20,Matching Wikidata city and country item confirms the GeoNames ID.
197,isil,,unresolved,,,2026-09-20,No exact issuing-registry match was confirmed for this institution or unit.
197,wikidata_qid,,unresolved,,,2026-09-20,No unique exact-name Wikidata item found in this search pass.
197,geonames_id,3038634,verified,https://sws.geonames.org/3038634/about.rdf,https://www.wikidata.org/wiki/Q6625,2026-09-20,Exact city item and coordinates confirm the GeoNames populated place.
199,isil,,unresolved,,,2026-09-20,No exact issuing-registry match was confirmed for this institution or unit.
199,wikidata_qid,,unresolved,,,2026-09-20,No matching official website or verified ISIL corroborated the candidate.
199,geonames_id,3021372,verified,https://sws.geonames.org/3021372/about.rdf,https://www.wikidata.org/wiki/Q7003,2026-09-20,Matching Wikidata city and country item confirms the GeoNames ID.
200,isil,,unresolved,,,2026-09-20,No exact issuing-registry match was confirmed for this institution or unit.
200,wikidata_qid,,unresolved,,,2026-09-20,No unique exact-name Wikidata item found in this search pass.
200,geonames_id,2971549,verified,https://sws.geonames.org/2971549/about.rdf,https://www.wikidata.org/wiki/Q5489,2026-09-20,Matching Wikidata city and country item confirms the GeoNames ID.
202,isil,,unresolved,,,2026-09-20,No exact issuing-registry match was confirmed for this institution or unit.
202,wikidata_qid,,unresolved,,,2026-09-20,No unique exact-name Wikidata item found in this search pass.
202,geonames_id,3037656,verified,https://sws.geonames.org/3037656/about.rdf,,2026-09-20,Unique populated-place match in country extract and exact-ID GeoNames RDF record.
203,isil,,unresolved,,,2026-09-20,No exact issuing-registry match was confirmed for this institution or unit.
203,wikidata_qid,,unresolved,,,2026-09-20,No matching official website or verified ISIL corroborated the candidate.
203,geonames_id,3038261,verified,https://sws.geonames.org/3038261/about.rdf,https://www.wikidata.org/wiki/Q132801,2026-09-20,Matching Wikidata city and country item confirms the GeoNames ID.
204,isil,,unresolved,,,2026-09-20,No exact issuing-registry match was confirmed for this institution or unit.
204,wikidata_qid,,unresolved,,,2026-09-20,No unique exact-name Wikidata item found in this search pass.
204,geonames_id,2988507,verified,https://sws.geonames.org/2988507/about.rdf,https://www.wikidata.org/wiki/Q90,2026-09-20,Matching Wikidata city and country item confirms the GeoNames ID.
205,isil,,unresolved,,,2026-09-20,No exact issuing-registry match was confirmed for this institution or unit.
205,wikidata_qid,,unresolved,,,2026-09-20,No matching official website or verified ISIL corroborated the candidate.
205,geonames_id,2990969,verified,https://sws.geonames.org/2990969/about.rdf,https://www.wikidata.org/wiki/Q12191,2026-09-20,Matching Wikidata city and country item confirms the GeoNames ID.
206,isil,,unresolved,,,2026-09-20,No exact issuing-registry match was confirmed for this institution or unit.
206,wikidata_qid,,unresolved,,,2026-09-20,No unique exact-name Wikidata item found in this search pass.
206,geonames_id,2988507,verified,https://sws.geonames.org/2988507/about.rdf,https://www.wikidata.org/wiki/Q90,2026-09-20,Matching Wikidata city and country item confirms the GeoNames ID.
207,isil,,unresolved,,,2026-09-20,No exact issuing-registry match was confirmed for this institution or unit.
207,wikidata_qid,,unresolved,,,2026-09-20,No unique exact-name Wikidata item found in this search pass.
207,geonames_id,3035843,verified,https://sws.geonames.org/3035843/about.rdf,,2026-09-20,Unique populated-place match in country extract and exact-ID GeoNames RDF record.
208,isil,,unresolved,,,2026-09-20,No exact issuing-registry match was confirmed for this institution or unit.
208,wikidata_qid,,unresolved,,,2026-09-20,No unique exact-name Wikidata item found in this search pass.
208,geonames_id,2998286,verified,https://sws.geonames.org/2998286/about.rdf,https://www.wikidata.org/wiki/Q45656,2026-09-20,Matching Wikidata city and country item confirms the GeoNames ID.
209,isil,,unresolved,,,2026-09-20,No exact issuing-registry match was confirmed for this institution or unit.
209,wikidata_qid,,unresolved,,,2026-09-20,No unique exact-name Wikidata item found in this search pass.
209,geonames_id,2969679,verified,https://sws.geonames.org/2969679/about.rdf,,2026-09-20,Unique populated-place match in country extract and exact-ID GeoNames RDF record.
210,isil,,unresolved,,,2026-09-20,No exact issuing-registry match was confirmed for this institution or unit.
210,wikidata_qid,,unresolved,,,2026-09-20,No matching official website or verified ISIL corroborated the candidate.
210,geonames_id,3031133,verified,https://sws.geonames.org/3031133/about.rdf,,2026-09-20,Unique populated-place match in country extract and exact-ID GeoNames RDF record.
211,isil,,unresolved,,,2026-09-20,No exact issuing-registry match was confirmed for this institution or unit.
211,wikidata_qid,,unresolved,,,2026-09-20,No unique exact-name Wikidata item found in this search pass.
211,geonames_id,2988507,verified,https://sws.geonames.org/2988507/about.rdf,https://www.wikidata.org/wiki/Q90,2026-09-20,Matching Wikidata city and country item confirms the GeoNames ID.
213,isil,,unresolved,,,2026-09-20,No exact issuing-registry match was confirmed for this institution or unit.
213,wikidata_qid,,unresolved,,,2026-09-20,No matching official website or verified ISIL corroborated the candidate.
213,geonames_id,3026613,verified,https://sws.geonames.org/3026613/about.rdf,,2026-09-20,Unique populated-place match in country extract and exact-ID GeoNames RDF record.
214,isil,,unresolved,,,2026-09-20,No exact issuing-registry match was confirmed for this institution or unit.
214,wikidata_qid,,unresolved,,,2026-09-20,Candidate location did not confirm the listed city and country.
214,geonames_id,,unresolved,,,2026-09-20,No matching populated place found in the GeoNames country extract.
