record_id,field,value,language,status,source_url,checked_on,note
1,library,The Mesrop Mashtots Institute of Ancient Manuscripts (Matenadaran),,pending,,,
2,library,La Trobe University Library,,pending,,,
3,library,National Library of Australia,,verified,https://www.library.gov.au/discover/what-we-collect/manuscripts-collection/medieval-manuscripts,2026-09-22,Official page identifies the institution as holder of the medieval manuscripts; the listed finding aid remains a distinct access point.
4,library,State Library of South Australia,,pending,,,
5,library,State Library of Victoria,,pending,,,
6,library,State Library of New South Wales,,pending,,,
7,library,Australian National University,,pending,,,
8,library,University of Melbourne,,pending,,,
9,library,University of Sydney,,pending,,,
10,library,Art Gallery of Ballarat,,pending,,,
11,library,Osterreichischen Nationalbibliothek,,pending,,,
12,library,Universitätsbibliothek Karl-Franzens,,pending,,,
13,library,Oberosterreichische Landesbibliothek,,pending,,,
14,library,Augustiner-Chorherrenstift Klosterneuburg,,pending,,,
15,library,"Erzabtei St. Peter, Bibliothek",,pending,,,
16,library,Zisterzienserstift Zwettl,,pending,,,
17,library,Benediktinerstift Melk,,pending,,,
18,library,Universitätsbibliothek,,pending,,,
19,library,Zisterzienserstift Heiligenkreuz,,pending,,,
20,library,Universitätsbibliothek Klagenfurt,,pending,,,
21,library,Gemeindearchiv,,pending,,,
22,library,"Koninklijke Bibliotheek van Belgie, Bibliotheque royale de Belgique",,pending,,,
23,library,Bibliotheques de l'Universite de Liege,,pending,,,
24,library,Universiteitsbibliotheek Gent,,verified,https://www.ugent.be/nl/univgent/bibliotheek,2026-09-22,UGent publishes this Dutch name for the university library network; the MMFC institution filter names the same network and remains its own access point.
24,library_alternate_names,Ghent University Library,en,verified,https://www.ugent.be/en/ghentuniv/library,2026-09-22,UGent's English page names the same university library network.
25,library,KU Leuven Bibliotheken,,verified,https://bib.kuleuven.be/,2026-09-22,Official Dutch name on the KU Leuven Libraries site; records remain distinct access points.
26,library,Erfgoedbibliotheek Hendrik Conscience,,pending,,,
27,library,Bibliotheek Hasselt Limburg,,pending,,,
28,library,KU Leuven Bibliotheken,,verified,https://bib.kuleuven.be/,2026-09-22,Official Dutch name on the KU Leuven Libraries site; records remain distinct access points.
29,library,Universiteitsbibliotheek Gent,,verified,https://www.ugent.be/nl/univgent/bibliotheek,2026-09-22,UGent publishes this Dutch name for the university library network; the Erfgoedparels provider filter names it and remains a distinct access point from record 24.
29,library_alternate_names,Ghent University Library,en,verified,https://www.ugent.be/en/ghentuniv/library,2026-09-22,UGent's English page names the same university library network.
30,library,Universiteit Antwerpen,,pending,,,
31,library,Museum Plantin-Moretus,,pending,,,
32,library,Openbare Bibliotheek Brugge,,pending,,,
35,library,National Library of Bulgaria,,pending,,,
37,library,Thomas Fisher Rare Book Library,,pending,,,
38,library,"University of Toronto, Fisher Library, Collection of Manuscript Fragments",,pending,,,
39,library,University of Victoria,,pending,,,
40,library,"Queen Elizabeth II Library, Memorial University",,pending,,,
41,library,Croatian State Archives,,pending,,,
42,library,Research Library in Olomouc,,pending,,,
43,library,Royal Canonry of Premonstratensians at Strahov,,pending,,,
44,library,National Library of the Czech Republic,,pending,,,First name-review batch; verify the holding institution and access-point scope.
45,library,National Museum Library,,pending,,,
46,library,Moravian Library,,pending,,,
47,library,Det Kongelige Bibliotek,,pending,,,First name-review batch; verify the holding institution and access-point scope.
48,library,The Arnamagnaean Manuscript Collection,,pending,,,
49,library,The British Library,,verified,https://www.bl.uk/collection/digitised-manuscripts-archives,2026-09-22,The institution publishes this access page and holds many listed manuscripts; it also points to images from other archives so this name is not an item-level holding claim.
50,library,Balliol College Special Collections,,pending,,,
51,library,The Bodleian Library,,pending,https://digital.bodleian.ox.ac.uk/,2026-09-22,Digital Bodleian includes holdings from the Bodleian Libraries and Oxford college libraries; this portal-wide access point has no single verified holding institution.
51,access_point_title,Digital Bodleian,,verified,https://digital.bodleian.ox.ac.uk/,2026-09-22,The portal publishes this title and describes content from the Bodleian Libraries and Oxford college libraries.
52,library,University of Manchester Library: The John Rylands Library,,pending,,,
53,library,"Wren Library, Trinity College",,pending,,,
54,library,"Parker Library, Corpus Christi College",,pending,,,
55,library,Lichfield Cathedral Library,,pending,,,
56,library,The Fitzwilliam Museum,,pending,,,
57,library,Cambridge Digital Library,,pending,,,
59,library,Polonsky Project,,pending,,,
60,library,Leeds University Library,,pending,,,
61,library,Early Manuscripts at Oxford University,,pending,,,
62,library,New Digital Bodleian,,pending,https://digital.bodleian.ox.ac.uk/collections/western-medieval-manuscripts/,2026-09-22,The current value names a portal rather than a holder; this collection includes manuscripts held by the Bodleian and Oxford colleges so the preferred institution name needs an editorial decision.
62,access_point_title,Western Medieval Manuscripts,,verified,https://digital.bodleian.ox.ac.uk/collections/western-medieval-manuscripts/,2026-09-22,The collection page publishes this title and says it includes manuscripts from the Bodleian and Oxford colleges.
63,library,The British Library,,verified,https://www.bl.uk/collection/digitised-manuscripts-archives,2026-09-23,The current access page names the British Library as holder. ID 49 shares this URL; the historical Catalogue of Illuminated Manuscripts scope needs separate review.
64,library,"St. John's College Library, University of Cambridge",,pending,,,
65,library,The Courtauld Institute of Art,,pending,,,
66,library,Victoria and Albert Museum,,pending,,,
67,library,"University College London,  Medieval Manuscript Fragments Imaging Project",,pending,,,
68,library,Lambeth Palace Library,,pending,,,
69,library,Durham Priory Library Recreated,,pending,,,
70,library,Chetham's Library,,pending,,,
71,library,Wellcome Library,,pending,,,
72,library,Eesti Ajaloomuuseum - Estonian History Museum,,pending,,,
73,library,Estonian Historical Archives,,pending,,,
74,library,Tallinn City Archives,,pending,,,
75,library,National Library of Finland,,pending,,,
76,library,Abo Akademis bibliotek,,pending,,,
77,library,Finnish Literature Society,,pending,,,
78,library,Bibliothèque Marceline Desbordes-Valmore,,verified,https://arca.irht.cnrs.fr/repository/475,2026-09-22,ARCA links collection 1725 to this Douai repository and lists this branch name; the city also publishes this name for the main library and its heritage manuscripts.
79,library,Bibliothèque Carnegie,,pending,,,
80,library,Médiathèque Toussaint,,pending,,,
81,library,Bibliothèque de la Part-Dieu,,pending,,,
82,library,Bibliotheque numerique,,pending,,,
83,library,Bibliothèque d’étude et du patrimoine,,pending,,,
84,library,Bibliothèque Sainte-Geneviève,,pending,,,
85,library,Médiathèque Simone Veil,,pending,,,
86,library,Bibliothèque Louis Aragon,,pending,,,
87,library,Bibliothèque municipale,,pending,,,
88,library,Bibliothèque universitaire Historique de Médecine,,pending,,,
89,library,Bibliothèque interuniversitaire de la Sorbonne,,pending,,,
90,library,Bibliothèque nationale et universitaire,,pending,,,
91,library,Bibliothèque Ceccano,,pending,,,
92,library,Bibliothèque municipale,,pending,,,
93,library,Bibliothèque des Beaux-Arts,,pending,,,
94,library,Bibliothèque municipale d'étude et de conservation,,pending,,,
95,library,Médiathèque,,pending,,,
96,library,Bibliothèque patrimoniale,,pending,,,
97,library,Bibliothèque Inguimbertine,,pending,,,
99,library,Bibliothèque Alexis de Tocqueville,,pending,,,
100,library,Bibliothèque municipale et patrimoniale Villon,,verified,https://rouen.fr/adresse/bibliotheque-villon,2026-09-23,ARCA collection 2575 links to repository 548 at the same Villon street address.
101,library,Bibliothèque Bussy-Rabutin,,pending,,,
102,library,Bibliothèque Méjanes,,pending,,,
103,library,Bibliothèque des Quatre piliers,,verified,https://www.bourges.fr/site/bibliotheques?accessibilite=1,2026-09-23,ARCA collection 1503 links to repository 138 at the same Quatre-Piliers street address.
104,library,Médiathèque de la communauté urbaine d'Alençon,,pending,,,
105,library,Musée de Cluny,,pending,,,
106,library,Bibliothèque des Dominicains,,pending,,,
107,library,Bibliothèque Gaspard-Monge,,pending,,,
108,library,Bibliothèque l'Alcazar,,pending,,,
109,library,Médiathèque Pierre-Amalric,,pending,,,
110,library,Médiathèque Astrolabe,,pending,,,
111,library,Médiathèque de l'Abbaye Saint-Vaast,,pending,,,
113,library,Médiathèque L'Apostrophe,,pending,,,
114,library,Bibliothèque municipale,,pending,,,
115,library,Bibliothèque municipale,,pending,,,
116,library,Bibliothèque de l'abbaye Saint-Pierre,,pending,,,
117,library,Bibliothèque patrimoniale,,pending,,,
118,library,Bibliothèque municipale,,pending,,,
119,library,Archives diocésaines,,pending,,,
120,library,Archives départementales de Tarn-et-Garonne,,pending,,,
121,library,"Bibliothèque patrimoniale, fonds ancien",,pending,,,
122,library,Médiathèque Jean-Jacques Rousseau,,pending,,,
123,library,Bibliothèque municipale,,pending,,,
124,library,Bibliothèque municipale,,pending,,,
125,library,Bibliothèque municipale Jullien de Laillier,,pending,,,
126,library,Bibliotheque de Rennes Metropole,,pending,,,
127,library,Bibliothèque d'Études,,pending,,,
128,library,Musée historique et archéologique,,pending,,,
129,library,Bibliothèque Jacques-Prévert,,pending,,,
130,library,Médiathèque Jean Levy,,pending,,,
131,library,Bibliothèque d’Agglomération du Pays de Saint-Omer,,pending,,,
132,library,Bibliothèque Marcel Arland,,pending,,,
133,library,Bibliothèque municipale,,pending,,,
134,library,Bibliothèque André Malraux,,pending,,,
135,library,Bibliothèque municipale,,pending,,,
136,library,Bibliothèque municipale,,pending,,,
137,library,Bibliothèque municipale,,pending,,,
138,library,Médiathèque André-Malraux,,pending,,,
139,library,Médiathèque Équinoxe,,pending,,,
140,library,Bibliothèque municipale,,pending,,,
141,library,Médiathèque Le Dôme,,pending,,,
142,library,Bibliothèque municipale,,pending,,,
143,library,Bibliothèque municipale,,pending,,,
144,library,Bibliothèque de la Société des lettres de l'Aveyron,,pending,,,
145,library,Bibliothèque municipale,,pending,,,
146,library,Médiathèque Simone-Veil,,pending,,,
147,library,Médiathèque de la Vieille-Île,,pending,,,
148,library,Bibliothèque municipale,,pending,,,
149,library,Château-Musée,,pending,,,
150,library,Bibliothèque patrimoniale et de recherche du Grand Cahors,,pending,,,
151,library,Bibliothèque municipale,,pending,,,
152,library,Archives Historiques du diocèse de Nantes,,pending,,,
153,library,Bibliothèque municipale,,pending,,,
154,library,Médiathèque de Castres-Sidobre,,verified,https://www.ville-castres.fr/mediatheque/,2026-09-23,ARCA collection 3127 links to repository 411 at the same 2 avenue du Sidobre address.
155,library,Bibliothèque du Chapitre métropolitain (Notre-Dame),,pending,,,
156,library,"Université catholique de l'Ouest, Bibliothèque universitaire",,pending,,,
157,library,Bibliothèque municipale,,pending,,,
158,library,Bibliothèque municipale,,pending,,,
159,library,Bibliothèque municipale,,pending,,,
160,library,Médiathèque Verlaine,,pending,,,
161,library,Bibliothèque municipale,,pending,,,
162,library,Médiathèque Simone Veil,,pending,,,
163,library,Bibliothèque municipale,,pending,,,
164,library,"Archives municipales, cf. AD82 (dépôt)",,pending,,,
165,library,Musée d'Art et d'Histoire Romain Rolland,,pending,,,
166,library,Bibliothèque diocésaine,,pending,,,
167,library,Musée des Beaux-Arts,,pending,,,
168,library,Médiathèque Jean-Jaurès,,pending,,,
169,library,Bibliothèque municipale,,pending,,,
170,library,Bibliothèque municipale,,pending,,,
171,library,Bibliothèque municipale,,pending,,,
172,library,Mairie,,pending,,,
173,library,Archives municipales,,pending,,,
174,library,Bibliothèque municipale,,pending,,,
175,library,Médiathèque François Mitterrand,,pending,,,
176,library,Bibliothèque municipale,,pending,,,
177,library,Bibliothèque universitaire,,pending,,,
178,library,Médiathèque Communautaire,,pending,,,
179,library,Bibliothèque municipale,,pending,,,
180,library,Médiathèque François-Mitterrand,,pending,,,
181,library,Médiathèque La Boussole,,pending,,,
182,library,Bibliothèque municipale,,pending,,,
183,library,Bibliothèque municipale,,pending,,,
184,library,Bibliotheque municipale de Grenoble,,pending,,,
185,library,Bibliotheque Mazarine,,pending,,,
186,library,Bibliotheque Sainte-Genevieve,,pending,,,
187,library,Bibliotheque municipale,,pending,,,
188,library,Archives départementales de Seine-et-Marne,,pending,,,
192,library,Bibliothèque Mériadeck,,pending,,,
193,library,Musée national et domaine du château de Pau,,pending,,,
194,library,Archives départementales de la Gironde,,pending,,,
197,library,Médiathèque municipale Lacépède,,pending,,,
199,library,Bibliotheque municipale de Dijon,,pending,,,
200,library,Mediatheque du Grand Troyes - Jacques-Chirac de Troyes Champagne Métropole,,pending,,,
202,library,Musée des Beaux-Arts,,pending,,,
203,library,Archives départementales du Tarn,,pending,,,
204,library,Banque d'images - Bibliotheque Nationale de France,,pending,,,
205,library,Musée Dobrée,,pending,,,
206,library,Bibliotheque Nationale de France,,pending,,,
207,library,Bibliothèque Jacques Lacarrière,,pending,,,
208,library,Bibliothèque francophone multimedia,,pending,,,
209,library,Bibliothèque Centrale,,pending,,,
210,library,Bibliothèque des Annonciades,,pending,,,
211,library,Gallica - Bibliotheque Nationale de France,,pending,,,
213,library,Médiathèque Voyelles,,pending,,,
214,library,Bibliotheque numerique,,pending,,,
215,library,Archives diocésaines,,pending,,,
216,library,Musée du Verre,,pending,,,
217,library,Médiathèque Louis-Aragon,,pending,,,
218,library,Bibliotheque municipale,,pending,,,
220,library,Archives Departementales du Jura,,pending,,,
221,library,Archives Departementales de la Haute-Savoie,,pending,,,
222,library,Médiathèque Luxembourg,,pending,,,
223,library,Médiathèque les silos (BM),,pending,,,
224,library,Bibliotheque municipale,,pending,,,
225,library,Médiathèque Jean-Christophe Rufin,,pending,,,
226,library,Fonds du Chapitre Cathedral,,pending,,,
227,library,Bibliotheque Municipale,,pending,,,
228,library,Bibliotheques de Chalons,,pending,,,
229,library,Mediatheque Communautaire,,pending,,,
230,library,Archives Departementales de la Meuse,,pending,,,
231,library,Badische Landesbibliothek,,pending,,,
232,library,Herzog August Bibliothek,,pending,,,
233,library,Münchener Digitalisierungszentrum (MDZ),,pending,,,
234,library,Erzbischoflichen Diozesan- und Dombibliothek Köln (DDB),,pending,,,
235,library,Staatsbibliothek zu Berlin - Preussischer Kulturbesitz,,pending,,,First name-review batch; verify the holding institution and access-point scope.
236,library,Staatsbibliothek Bamberg,,pending,,,
237,library,Universitätsbibliothek Heidelberg,,pending,,,
238,library,Universitäts- und Landesbibliothek Düsseldorf,,pending,,,First name-review batch; verify the holding institution and access-point scope.
239,library,Universitätsbibliothek Augsburg,,pending,,,
240,library,Humboldt University Library,,pending,,,
241,library,Universitäts- und Landesbibliothek Darmstadt,,pending,,,
242,library,Sachsische Landesbibliothek – Staats- und Universitätsbibliothek Dresden (SLUB),,pending,,,
244,library,Universitätsbibliothek Würzburg,,pending,,,
245,library,Universitätsbibliothek Gießen,,pending,,,
246,library,"Bibliothek des Bischoflichen Priesterseminars, Bistumsarchiv, Stadtbibliothek Trier",,pending,,,
247,library,Thüringer Universitäts- und Landesbibliothek Jena,,pending,,,
248,library,Hochschul- und Landesbibliothek Fulda,,pending,,,
249,library,Universitätsbibliothek Kassel,,pending,,,
250,library,Historisches Archiv der Stadt Köln,,pending,,,
251,library,Herzogin Anna Amalia Bibliothek,,pending,,,
252,library,Goethe-Universitat Frankfurt am Main Universitätsbibliothek,,pending,,,
253,library,Württembergische Landesbibliothek,,pending,,,
254,library,Albert-Ludwigs-Universitat Freiburg,,pending,,,
255,library,Universitätsbibliothek Tubingen,,pending,,,
256,library,Staatliche Bibliothek (Schlosbibliothek),,pending,,,
257,library,Kirchenbibliothek Sankt Marien,,pending,,,
258,library,Universitäts- und Landesbibliothek Bonn,,pending,,,
259,library,Universitäts- und Landesbibliothek Darmstadt,,pending,,,
260,library,Studienbibliothek Dillingen,,pending,,,
261,library,Universitäts- und Landesbibliothek Düsseldorf,,pending,,,First name-review batch; verify the holding institution and access-point scope.
262,library,Geistliches Ministerium Greifswald,,pending,,,
263,library,Universitätsbibliothek Greifswald,,pending,,,
264,library,Universitätsbibliothek Leipzig,,pending,,,
265,library,Hessisches Staatsarchiv Marburg,,pending,,,
266,library,Bibliothek des Klosters Maria-Medingen,,pending,,,
267,library,Bayerische Staatsbibliothek,,pending,,,First name-review batch; verify the holding institution and access-point scope.
268,library,Stadtarchiv der Hansestadt Stralsund,,pending,,,
269,library,LMU University Library,,pending,,,
270,library,Universitätsbibliothek Rostock,,pending,,,
271,library,Staatliche Museen zu Berlin,,pending,,,
272,library,Bamberg State Library,,pending,,,
273,library,Pracht auf Pergament,,pending,,,
274,library,Hofbibliothek Aschaffenburg,,pending,,,
275,library,Staatsbibliothek zu Berlin - Preussischer Kulturbesitz,,pending,,,First name-review batch; verify the holding institution and access-point scope.
276,library,Johannes Gutenberg Universität,,pending,,,
277,library,Universitäts- und Forschungsbibliothek Erfurt/Gotha,,pending,,,
278,library,Universitäts- und Landesbibliothek (ULB),,pending,,,
279,library,Stadtbibliothek,,pending,,,
280,library,Benediktinerinnenkloster,,pending,,,
281,library,Archiv der Zisterzienserinnenabtei,,pending,,,
283,library,Universitätsbibliothek,,pending,,,
284,library,Germanischen Nationalmuseum,,pending,,,
285,library,Friedrich-Alexander-Universität - Erlangen-Nürnberg,,pending,,,
286,library,Rhineland-Palatinate,,pending,,,
287,library,Staats- und Stadtbibliothek Augsburg,,pending,,,
288,library,Benediktinerkloster St. Emmeram,,pending,,,
289,library,Bibliothek Oettingen Wallerstein,,pending,,,
290,library,Staats- und Universitätsbibliothek,,pending,,,
291,library,Bibliotheca Laureshamensis,,pending,,,
292,library,Universitätsbibliothek Mannheim,,pending,,,
293,library,Bibliothek Mecklenburg-Vorpommern,,pending,,,
294,library,Benediktinerabtei,,pending,,,
295,library,Stiftbibliothek,,pending,,,
296,library,Landesarchiv Sachsen-Anhalt,,pending,,,
297,library,Sächsisches Hauptstaatsarchiv,,pending,,,
298,library,"Seminar für Mittlere und Neuere Geschichte der Georg-August-Universität, Diplomatischer Apparat",,pending,,,
299,library,Historisches Archiv der Stadt,,pending,,,
300,library,Stiftung Dome und Schlösser in Sachsen Anhalt,,pending,,,
301,library,Schloss Hundisburg [=ehem. Depositum Sammlung Alvensleben],,pending,,,
302,library,Staatsarchiv,,pending,,,
303,library,Museum der Stadt,,pending,,,
304,library,Hauptstaatsarchiv,,pending,,,
305,library,Stadtarchiv,,pending,,,
306,library,Juleum (ehemalige Universitätsbibliothek),,pending,,,
307,library,Stadtarchiv,,pending,,,
308,library,Historisches Museum,,pending,,,
309,library,Ratsbücherei,,pending,,,
310,library,Stiftskirche,,pending,,,
311,library,"Niedersächsisches Landesarchiv, Abteilung Wolfenbüttel",,pending,,,
312,library,Virtuelle Bibliothek Corvey,,pending,,,
313,library,Stadtbibliothek,,pending,,,
314,library,National Szechenyi Library,,pending,,,
315,library,National Szechenyi Library Multimedia Project,,pending,,,
316,library,Stofnun Arna Magnussonar,,pending,,,
317,library,Royal Irish Academy,,pending,,,
318,library,National Library of Ireland,,pending,,,First name-review batch; verify the holding institution and access-point scope.
319,library,Trinity College Dublin,,pending,,,
320,library,University College Dublin,,pending,,,
321,library,Maynooth University,,pending,,,
322,library,Mount Melleray Abbey,,pending,,,
323,library,University of Galway,,pending,,,
324,library,University College Cork,,pending,,,
325,library,Clonalis House,,pending,,,
326,library,Coláiste na Rinne,,pending,,,
327,library,School of Celtic Studies,,pending,,,
329,library,Dublin City University,,pending,,,
330,library,Marsh's Library,,pending,,,
332,library,Trinity College Dublin,,pending,,,
333,library,Chester Beatty Library,,pending,,,
334,library,Benjamin Iveagh Library,,pending,,,
335,library,Biblioteca Medicea Laurenziana,,pending,,,
336,library,Fondo Antico presso la Biblioteca del Sacro Convento,,pending,,,
337,library,Biblioteca Estense Universitaria,,pending,,,
338,library,Biblioteca comunale Augusta,,pending,,,
339,library,Biblioteca Teresiana,,pending,,,
340,library,Collegio di Spagna,,pending,,,
341,library,Archivio dell'Opera di Santa Maria del Fiore di Firenze,,pending,,,
342,library,Biblioteca capitolare,,pending,,,
343,library,Biblioteca civica Cristoforo Sabbadino,,pending,,,
344,library,Biblioteca del Museo Correr,,pending,,,
345,library,Biblioteca Medica 'V.Pinali',,pending,,,
346,library,Santa Maria della Fava,,pending,,,
347,library,International Museum and Library of Music of Bologna,,pending,,,
348,library,Biblioteca dell'Archiginnasio,,pending,,,
349,library,Biblioteca Civica Barrili,,pending,,,
350,library,Biblioteca Civica L. Berio,,pending,,,
351,library,Archivio Storico Diocesano di Modena-Nonantola,,pending,,,
352,library,Biblioteca Digitale Ligure,,pending,,,
354,library,Biblioteca Nazionale Centrale di Firenze,,pending,,,
355,library,Biblioteca Comunale degli Intronati,,pending,,,
356,library,Archivio Capitolare,,pending,,,
357,library,Archivio parrocchiale,,pending,,,
358,library,Biblioteca Medicea Laurenziana,,pending,,,
359,library,Archivio di Stato di Firenze - Archivi Digitali,,pending,,,
360,library,Archivio di Stato di Firenze - Diplomatico,,pending,,,
361,library,Senshu University Library,,pending,,,
362,library,Utrecht University Library,,pending,,,
363,library,Koninklijke Bibliotheek - Nationale bibliotheek van Nederland (Including  Museum Meermanno | Huis van het Boek),,pending,,,
364,library,Universitaire Bibliotheken Leiden,,pending,,,
365,library,Utrechts Archief,,pending,,,
366,library,Museum Catharijneconvent: Collectie en Bibliotheek,,pending,,,
367,library,Huis Berg,,pending,,,
368,library,Tresoar,,pending,,,
369,library,Bibliotheek Rijksuniversiteit Groningen,,pending,,,
370,library,Zeeuwse Bibliotheek,,pending,,,
371,library,Rijksmuseum Twenthe,,pending,,,
372,library,Stadsarchief en Athenaeumbibliotheek,,pending,,,
373,library,Universiteitsbibliotheek Vrije Universiteit,,pending,,,
374,library,Universiteitsbibliotheek van de Radboud Universiteit,,verified,https://www.ru.nl/sites/default/files/2024-07/gebruiksvoorwaarden_digitale_bibliotheek.pdf,2026-09-23,Radboud uses this full form for its university library; its Bijzondere Collecties page identifies the library as holder of the manuscripts. The access point is Radboud's own digital Handschriften collection.
375,library,Rijksuniversiteit Groningen,,pending,,,
376,library,Museum Rotterdam,,pending,,,
377,library,Regionaal Archief Alkmaar,,pending,,,
378,library,The Ritman Library / Bibliotheca Philosophica Hermetica,,pending,,,
379,library,Historisch Centrum Overijssel,,pending,,,
380,library,Bibliotheek Rotterdam,,pending,,,
381,library,Universiteitsbibliotheek Tilburg University,,pending,,,
382,library,Rijksmuseum,,pending,,,
383,library,Openbare Bibliotheek Arnhem / Erfgoedcentrum Rozet,,pending,,,
384,library,Museum Huis Simon van Gijn,,pending,,,
385,library,Stadsarchief,,pending,,,
386,library,Stadsarchief en Atheneumbibliotheek,,pending,,,
387,library,Stedelijk Museum Zwolle,,pending,,,
388,library,Gemeentearchief Goes,,pending,,,
389,library,Streekarchief Midden-Holland,,pending,,,
390,library,Brabants Historisch Informatie Centrum (BHIC),,pending,,,
391,library,Huis Bergh,,pending,,,
392,library,Klooster Sint Aegten,,pending,,,
393,library,Teylers Museum,,pending,,,
394,library,Stadsbibliotheek Haarlem,,pending,,,
395,library,Erfgoed Leiden en Omstreken,,pending,,,
396,library,Alexander Turnbull Library,,verified,https://natlib.govt.nz/collections/a-z-of-all-collections/manuscripts/alexander-turnbull-library-collections,2026-09-24,The official National Library page identifies the Alexander Turnbull Library as the holding division; the older National Library name describes its parent institution.
397,library,Sir George Grey Special Collections,,pending,,,
398,library,University of Canterbury,,pending,,,
399,library,Riksarkivet - National Archives,,pending,,,
400,library,Digital Library of Wroclaw University,,pending,,,
401,library,Biblioteka Uniwersytecka w Toruniu,,pending,,,
402,library,Jagiellonian Library,,pending,,,First name-review batch; verify the holding institution and access-point scope.
403,library,Biblioteka Narodowa,,pending,,,
404,library,University Library (Biblioteka Uniwersytecka),,pending,,,
405,library,ARMARIUM dominikanska biblioteka cyfrowa,,pending,,,
406,library,Biblioteca Nacional de Portugal,,pending,,,
407,library,Biblioteca Geral da Universidade de Coimbra,,pending,,,
408,library,Biblioteca Central Universitara Cluj,,pending,,,
409,library,Batthyaneum Library – Branch of the National Library of Romania,,pending,,,First name-review batch; verify the holding institution and access-point scope.
411,library,National Library of Scotland,,pending,,,First name-review batch; verify the holding institution and access-point scope.
412,library,The Stair Society,,pending,,,
413,library,University of Glasgow,,pending,,,
414,library,University of Edinburgh,,pending,,,
415,library,The University of St Andrews,,pending,,,
416,library,National Library of Spain,,pending,,,
417,library,Real Biblioteca,,pending,,,
418,library,Universitat de Valencia,,pending,,,
419,library,Biblioteca Nacional de Catalunya,,pending,,,
420,library,Biblioteca de la Fundacion Lazaro Galdiano,,pending,,,
421,library,Biblioteca Historica Santa Cruz,,pending,,,
422,library,Biblioteca de la Universidad de Barcelona,,pending,,,
423,library,Biblioteca de la Real Academia de la Historia,,pending,,,
424,library,Biblioteca Valenciana Nicolau Primitiu,,pending,,,
425,library,Portal de Archivos Espanoles,,pending,,,
426,library,Universidad de Sevilla,,pending,,,
427,library,Biblioteca de Castilla y Leon,,pending,,,
428,library,Universidad de Salamanca,,pending,,,
430,library,Biblioteca de Montserrat,,pending,,,
431,library,Universidad de Zaragoza,,pending,,,
432,library,Lund University Library,,pending,,,
433,library,National Library of Sweden,,pending,,,First name-review batch; verify the holding institution and access-point scope.
434,library,Stiftsbibliothek,,pending,,,
435,library,Fondation Martin Bodmer,,pending,,,
436,library,Stiftsbibliothek,,pending,,,
437,library,Stiftsbibliothek,,pending,,,
438,library,Zentralbibliothek,,pending,,,
439,library,Bibliothèque de Genève,,pending,,,
440,library,"Kantonsbibliothek, Vadianische Sammlung",,pending,,,
441,library,Kantonsbibliothek Thurgau,,pending,,,
442,library,Stadtbibliothek,,pending,,,
443,library,armarium codicum bibliophilorum,,pending,,,
444,library,Burgerbibliothek,,pending,,,
445,library,Aargauer Kantonsbibliothek,,pending,,,
446,library,Zentral- und Hochschulbibliothek,,pending,,,
447,library,Bibliothèque cantonale et universitaire / Kantons- und Universitätsbibliothek,,pending,,,
448,library,Benediktinerkollegium,,pending,,,
449,library,Zentralbibliothek,,pending,,,
450,library,Stiftsarchiv (Abtei Pfäfers),,pending,,,
451,library,Dominikanerinnenkloster St. Katharina,,pending,,,
452,library,Universitätsbibliothek,,pending,,,
453,library,Couvent des Cordeliers/Franziskanerkloster,,pending,,,
454,library,Kantonsbibliothek Appenzell Ausserrhoden,,pending,,,
455,library,Archives de l'État de Fribourg/Staatsarchiv Freiburg,,pending,,,
456,library,Staatsarchiv Aargau,,pending,,,
457,library,Archives du Chapitre/Kapitelsarchiv,,pending,,,
458,library,Bibliothèque publique et universitaire de Neuchâtel,,pending,,,
459,library,Staatsarchiv,,pending,,,
460,library,Convento della Madonna del Sasso,,pending,,,
461,library,Bibliothèque cantonale et universitaire - Lausanne,,pending,,,
462,library,Domschatz der St.-Ursen-Kathedrale,,pending,,,
463,library,Médiathèque Valais,,pending,,,
464,library,Bibliothèque cantonale jurassienne,,pending,,,
465,library,Stiftskirche St. Michael,,pending,,,
466,library,Stadtbibliothek,,pending,,,
467,library,Staatsarchiv Obwalden,,pending,,,
468,library,Provinzarchiv Schweizer Kapuziner Luzern,,pending,,,
469,library,Stadtarchiv Bremgarten,,pending,,,
470,library,Eisenbibliothek,,pending,,,
472,library,Archives de l'Etat du Valais/Staatsarchiv Wallis,,pending,,,
473,library,Archives cantonales vaudoises,,pending,,,
474,library,Congregation du Grand-Saint-Bernard,,pending,,,
475,library,Archivio parrocchiale,,pending,,,
476,library,Gemeinde Flawil,,pending,,,
477,library,Landesarchiv Appenzell Innerrhoden,,pending,,,
478,library,Pharmaziemuseum der Universität Basel,,pending,,,
479,library,Dorfarchiv Bever,,pending,,,
480,library,Musée gruérien,,pending,,,
481,library,Archivio parrocchiale,,pending,,,
482,library,Archivio parrocchiale,,pending,,,
483,library,Staatsarchiv Graubünden,,pending,,,
484,library,Archivio parrocchiale,,pending,,,
485,library,Romanische Bibliothek des Klosters Disentis,,pending,,,
486,library,Paroisse catholique Saint-Laurent,,pending,,,
487,library,Katholisches Pfarrarchiv Frauenfeld,,pending,,,
488,library,Benediktinerinnenkloster,,pending,,,
489,library,Korporation Luzern,,pending,,,
490,library,Staatsarchiv,,pending,,,
491,library,Archivio parrocchiale,,pending,,,
492,library,Benediktinerkloster,,pending,,,
493,library,Bibliotheca Sefarad,,pending,,,
494,library,Benediktinerinnenkloster St. Johann,,pending,,,
495,library,Archivio parrocchiale,,pending,,,
496,library,Abbaye de la Fille-Dieu Romont,,pending,,,
497,library,Mémoires d'Ici,,pending,,,
498,library,Abbaye de Saint-Maurice,,pending,,,
499,library,Chesa Planta Samedan,,pending,,,
500,library,Konzernarchiv Georg Fischer AG,,pending,,,
501,library,Dorfarchiv Sils i.E. / Segl,,pending,,,
502,library,Staatsarchiv,,pending,,,
503,library,Archivio parrocchiale,,pending,,,
504,library,Gemeindearchiv Urnäsch,,pending,,,
505,library,Musée historique de Vevey,,pending,,,
506,library,Dokumentationsstelle Oberer Zürichsee,,pending,,,
507,library,Braginsky Collection,,pending,,,
508,library,Schweizerisches Nationalmuseum,,pending,,,
509,library,Lehigh University Digital Library,,pending,,,
510,library,New College of Florida,,pending,,,
511,library,"Columbia University, Rare Book and Manuscript Library",,pending,,,
512,library,Free Library of Philadelphia,,pending,,,
513,library,"University of California, Berkeley",,pending,,,
515,library,Harvard University,,pending,,,First name-review batch; verify the holding institution and access-point scope.
516,library,The Walters Art Museum,,pending,,,
517,library,The Metropolitan Museum of Art,,pending,,,
518,library,University of Missouri,,pending,,,
519,library,University of Kansas,,pending,,,
522,library,Harry Ransom Center,,pending,,,
523,library,Beinecke Rare Book & Manuscript Library,,pending,,,
526,library,The Morgan Library & Museum,,pending,,,
527,library,Indiana University Bloomington,,pending,,,
528,library,Fordham University,,pending,,,
529,library,Burke Library at Union Theological Seminary,,pending,,,
530,library,Rutgers University,,pending,,,
533,library,Conception Abbey and Seminary,,pending,,,
534,library,"California State Library, Sutro Library",,pending,,,
536,library,"University of California, Davis",,pending,,,
538,library,Jewish Theological Seminary of America,,pending,,,
540,library,General Theological Seminary,,pending,,,
542,library,Grolier Club,,pending,,,
544,library,"University of California, Riverside",,pending,,,
545,library,The Nelson-Atkins Museum of Art,,pending,,,
546,library,New York University,,pending,,,
547,library,Providence Public Library,,pending,,,
553,library,University of Vermont,,pending,,,
556,library,City College of New York,,pending,,,
558,library,Greenslade Archives and Special Collections,,pending,,,
560,library,The J. Paul Getty Museum,,pending,,,
561,library,"Special Collections, University of Iowa Libraries",,pending,,,
562,library,Schoenberg Collection,,pending,,,
563,library,"Library of Congress, Lessing J. Rosenwald Collection",,pending,,,
564,library,"Dwight B. Waldo Library, Western Michigan University",,pending,,,
565,library,"Reynolds Historical Library, University of Alabama at Birmingham",,pending,,,
566,library,Saint Louis University,,pending,,,
567,library,Center for the Study of New Testament Manuscripts,,pending,,,
568,library,"University of Chicago, The Goodspeed Manuscript Collection",,pending,,,
569,library,Rauner Library - Dartmouth College Library,,pending,,,
570,library,UCLA Library,,pending,,,
571,library,The Art Institute of Chicago,,pending,,,
572,library,"The Huntington Library, Art Museum, and Botanical Gardens",,pending,,,
573,library,University of Kentucky,,pending,,,
574,library,Biblioteca Apostolica Vaticana,,pending,,,First name-review batch; verify the holding institution and access-point scope.
575,library,National Library of Wales,,pending,,,
576,library,Soprintendenza Archivistica e Bibliografica della Puglia e della Basilicata,,pending,,,
577,library,Biblioteca Ambrosiana di Milano,,pending,,,
578,library,Biblioteca nazionale Marciana,,pending,,,
579,library,Biblioteca Nazionale Centrale di Roma,,pending,,,
580,library,Universidade Brasília,,pending,,,
581,library,University Library in Bratislava,,pending,,,
582,library,Wroclaw University Library,,pending,,,
583,library,Russian State Library,,pending,,,
584,library,"Bryn Mawr College, Special Collections",,pending,,,
585,library,"Franklin & Marshall College Library, Archives & Special Collections",,pending,,,
587,library,"Swarthmore College, Friends Historical Library",,pending,,,
588,library,"Temple University Libraries, Special Collections Research Center",,pending,,,
589,library,Státní okresní archiv Strakonice,,pending,,,
590,library,Uppsala University Library,,pending,,,
591,library,American Academy in Rome,,pending,,,
592,library,Smith College,,pending,,,
593,library,Klosterbibliothek Heilsbronn,,pending,,,
594,library,Le Labo - Cambrai (Médiathèque municipale),,pending,,,
595,library,University of Pennsylvania,,pending,,,
596,library,Bibliothèque et archives du château,,pending,,,
597,library,Biblioteca statale del Monumento nazionale di Montecassino,,pending,,,
598,library,Biblioteca Malatestiana,,pending,,,
599,library,Staatsarchiv Basel-Stadt,,pending,,,
600,library,Stadtbibliothek Burgdorf,,pending,,,
601,library,Musée Jurassien d'Art et d'Histoire,,pending,,,
602,library,Archivio parrocchiale,,pending,,,
603,library,Historisches Museum Thurgau,,pending,,,
604,library,Conservatoire et Jardin botaniques de la Ville de Genève,,pending,,,
605,library,Fondation Barbier-Mueller pour l'étude de la poésie italienne de la Renaissance,,pending,,,
606,library,La Bibliothèque juive « Gérard Nordmann »,,pending,,,
607,library,Archives cantonales jurassiennes,,pending,,,
608,library,Bischöfliches Archiv des Bistums Basel,,pending,,,
609,library,Archivio parrocchiale,,pending,,,
610,library,Stadtarchiv der Ortsbürgergemeinde St. Gallen,,pending,,,
611,library,Archiv der Waldgenossenschaft Steinhausen,,pending,,,
612,library,Kloster Maria der Engel Wattwil,,pending,,,
613,library,Jagiellonian Library,,pending,,,First name-review batch; verify the holding institution and access-point scope.
614,library,Bibliothèque municipale,,pending,,,
615,library,"University Libraries, Rare Book & Manuscript Library",,pending,,,
616,library,Stiftsbibliothek St. Paul im Lavanttal,,pending,,,
617,library,Leopold-Sophien-Bibliothek,,pending,,,
618,library,codices restituti,,pending,,,
619,library,The Newberry Library,,pending,,,
620,library,The Cleveland Museum of Art,,pending,,,
621,library,"Germanisches Nationalmuseum, Kupferstichkabinett, Graphische Sammlung",,pending,,,
622,library,Bibliothèque nationale de France,,pending,,,
623,library,National Library of Russia,,pending,,,
624,library,Württembergische Landesbibliothek,,pending,,,
625,library,"College of Physicians of Philadelphia, The Historical Medical Library",,pending,,,
626,library,"Haverford College, Quaker and Special Collections",,pending,,,
627,library,"La Salle University, Department of Special Collections",,pending,,,
628,library,"Lehigh University Libraries, Special Collections",,pending,,,
629,library,Philadelphia Museum of Art,,pending,,,
630,library,Rosenbach Museum & Library,,pending,,,
631,library,"Science History Institute, Othmer Library",,pending,,,
632,library,The Library Company of Philadelphia,,pending,,,
633,library,University of Delaware Library,,pending,,,
635,library,"University of Pennsylvania Libraries, Lawrence J. Schoenberg Manuscripts",,pending,,,
636,library,"Villanova University Libraries, Special Collections",,pending,,,
637,library,Staats- und Universitätsbibliothek Bremen,,pending,,,
638,library,Niedersächsische Staats- und Universitätsbibliothek Göttingen,,pending,,,
639,library,Dombibliothek,,pending,,,
640,library,Landesbibliothek Oldenburg,,pending,,,
641,library,"Landeskirchliches Archiv, Depositum Predigerseminar Braunschweig",,pending,,,
642,library,Abdij van Park,,pending,,,
643,library,Musea Maaseik,,pending,,,
644,library,Universiteitsarchief Leuven,,pending,,,
645,library,Norbertijnen Abdij van Postel,,pending,,,
646,library,Princeton University,,pending,,,
647,library,University of Chicago,,pending,,,
649,library,Ohio State University,,pending,,,
650,library,Boston Public Library,,pending,,,
652,library,Cornell University,,pending,,,
653,library,Williams College,,pending,,,
654,library,Vassar College,,pending,,,
655,library,University of Rochester,,pending,,,
656,library,Wellesley College,,pending,,,
657,library,Western Michigan University,,pending,,,
658,library,Rochester Institute of Technology,,pending,,,
659,library,Ohio University,,pending,,,
661,library,Buffalo & Erie County Public Library,,pending,,,
662,library,New York Academy of Medicine,,pending,,,
663,library,University of Wisconsin–Madison,,pending,,,
664,library,Pepperdine University,,pending,,,
666,library,The British Library,,pending,,,
667,library,Medieval Mile Museum,,pending,,,
668,library,King's Inns,,pending,,,
669,library,National Library of Scotland,,pending,,,First name-review batch; verify the holding institution and access-point scope.
670,library,Det Kongelige Bibliotek,,pending,,,First name-review batch; verify the holding institution and access-point scope.
671,library,"St John's College, University of Cambridge",,pending,,,
672,library,Waterford Treasures Museums,,pending,,,
673,library,Biblioteca del Sacro Convento (Società internazionale di studi francescani),,pending,,,
674,library,Biblioteca statale di Lucca,,pending,,,
675,library,"Biblioteca statale del Monumento nazionale, Badia di Cava de' Tirreni",,pending,,,
676,library,Biblioteca civica Berio,,pending,,,
677,library,Biblioteca nazionale Braidense,,pending,,,
678,library,Biblioteca Angelica,,pending,,,
679,library,Biblioteca Vallicelliana,,pending,,,
680,library,Biblioteca Universitaria di Pavia,,pending,,,
681,library,Biblioteca statale di Cremona,,pending,,,
682,library,Fondazione Biblioteca pubblica arcivescovile Annibale De Leo,,pending,,,
683,library,Lilienfeld Cistercian Abbey,,pending,,,
684,library,Archive of the Diocese of St. Pölten,,pending,,,
685,library,Austrian State Archives,,pending,,,
686,library,Ivan Vazov National Library,,pending,,,
687,library,Brno City Archives,,pending,,,
688,library,Moravian Gallery in Brno,,pending,,,
689,library,Františkánská knihovna,,pending,,,
690,library,Municipal Museum of Horažďovice,,pending,,,
691,library,Museum of Eastern Bohemia in Hradec Králové,,pending,,,
692,library,Museum of the Jindřichův Hradec Region,,pending,,,
693,library,Latin School Library Exposition – The Town of Jáchymov,,pending,,,
694,library,Czech Museum of Silver,,pending,,,
695,library,State District Archives in Kutná Hora,,pending,,,
696,library,North Bohemian Museum in Liberec,,pending,,,
697,library,Regional Museum in Mikulov,,pending,,,
698,library,Regional Museum and Gallery in Most,,pending,,,
699,library,Premonstratensian Canonry in Nová Říše,,pending,,,
700,library,Olomouc Branch of the Provincial Archives in Opava,,pending,,,
701,library,Regional Museum in Olomouc,,pending,,,
702,library,Education and Research Library of Pilsener Region,,pending,,,
703,library,Museum of West Bohemia in Pilsen,,pending,,,
704,library,Town Museum and Gallery Polička,,pending,,,
705,library,Institute of History of the Czech Academy of Sciences,,pending,,,
706,library,Library of the Czech Academy of Sciences,,pending,,,
707,library,Military History Institute Prague,,pending,,,
708,library,Museum of Czech Literature,,pending,,,
709,library,Museum of Prague,,pending,,,
710,library,National Library of Technology,,pending,,,
711,library,National Medical Library,,pending,,,
712,library,Royal Collegiate Chapter of Ss. Peter and Paul at Vyšehrad,,pending,,,
713,library,Benedictine Abbey of Rajhrad – Museum of the Brno Region (Museum of Literature in Moravia),,pending,,,
714,library,"Klášter premonstrátů Teplá, knihovna",,pending,,,
715,library,Museum of the Bohemian Paradise in Turnov,,pending,,,
716,library,Hussite Museum in Tábor,,pending,,,
717,library,State Regional Archives in Třeboň,,pending,,,
718,library,Vyšší Brod Cistercian Abbey,,pending,,,
719,library,Budapest University of Technology and Economics,,pending,,,
720,library,ELTE University Library and Archives,,pending,,,
721,library,National and University Library of Iceland,,pending,,,
722,library,Vilnius University Library,,pending,,,
723,library,National Library of Romania,,pending,,,
724,library,National Library of Serbia,,pending,,,
725,library,University Library “Svetozar Markovic”,,pending,,,
726,library,Complutense University of Madrid,,pending,,,
727,library,Museum of the Bible,,pending,,,
728,library,Benediktinerstift Admont,,pending,,,
729,library,Benediktinerstift Altenburg,,pending,,,
730,library,Vorarlberg Museum,,pending,,,
731,library,Prämonstratenserstift Geras,,pending,,,
732,library,Benediktinerstift Göttweig,,pending,,,
733,library,Franziskanerkloster Graz,,pending,,,
734,library,Franziskanerkloster Güssing,,pending,,,
735,library,Augustiner-Chorherrenstift Herzogenburg,,pending,,,
736,library,Prämonstratenserstift Wilten,,pending,,,
737,library,Tiroler Landesmuseum Ferdinandeum,,pending,,,
738,library,Universitäts- und Landesbibliothek Tirol (ULBT),,pending,,,
739,library,Servitenkloster Collection (Universitäts- und Landesbibliothek Tirol),,pending,,,
740,library,"Kärntner Landesarchiv, Geschichtsverein für Kärnten",,pending,,,
741,library,Benediktinerstift Kremsmünster,,pending,,,
742,library,Benediktinerstift Lambach,,pending,,,
743,library,Diocesan and University Library (DUB) of the Catholic Private University Linz,,pending,,,
744,library,Oberösterreichische Landes-Kultur GmbH,,pending,,,
745,library,Oberösterreichisches Landesarchiv,,pending,,,
746,library,Benediktinerstift Michaelbeuern,,pending,,,
747,library,Zisterzienserstift Rein,,pending,,,
748,library,"Erzabtei St. Peter, Archiv",,pending,,,
749,library,Zisterzienserstift Schlierbach,,pending,,,
750,library,Benediktinerstift Seitenstetten,,pending,,,
751,library,Augustiner-Chorherrenstift St. Florian,,pending,,,
752,library,Diözesanbibliothek St. Pölten,,pending,,,
753,library,Niederösterreichisches Landesarchiv,,pending,,,
754,library,"Niederösterreichisches Landesarchiv, Ständisches Archiv",,pending,,,
755,library,Zisterzienserstift Stams,,pending,,,
756,library,Ludwig Pullirsch Collection,,pending,,,
757,library,Augustiner-Chorherrenstift Vorau,,pending,,,
758,library,Stadtarchiv Waidhofen an der Thaya,,pending,,,
759,library,Bezirksmuseum Wieden,,pending,,,
760,library,Dominikanerkonvent Wien,,pending,,,
761,library,Erzbischöfliches Diözesanarchiv Wien,,pending,,,
762,library,"Erzbischöfliches Diözesanarchiv Wien, Kirnberger Bibliothek der Wiener Dompropstei",,pending,,,
763,library,"Kunsthistorisches Museum, Hofjagd- und Rüstkammer",,pending,,,
764,library,Schottenstift Library,,pending,,,
765,library,Wiener Stadt- und Landesarchiv,,pending,,,
766,library,University of Vienna Archives,,pending,,,
767,library,Museumsverein Bozen (Depot im Stadtmuseum),,pending,,,
768,library,Diözesanmuseum Brixen,,pending,,,
769,library,Priesterseminar Brixen,,pending,,,
770,library,Augustiner-Chorherrenstift Neustift,,pending,,,
771,library,National and University Library of Slovenia (NUK),,pending,,,
772,library,"Antiquarian Topographic Archive, Swedish National Heritage Board",,pending,,,
773,library,Skokloster Castle Library,,pending,,,
774,library,Strängnäs Cathedral Library,,pending,,,
775,library,Gothenburg University Library,,pending,,,
776,library,Linköping City Library,,pending,,,
777,library,Nationalmuseum,,pending,,,
778,library,National Archives of Sweden,,pending,,,
779,library,National Archives in Vadstena,,pending,,,
780,library,Röhsska Museum,,pending,,,
781,library,Diocesan and Regional Library in Skara,,pending,,,
782,library,Uppsala Cathedral,,pending,,,
783,library,Västerås City Library,,pending,,,
784,library,Uppsala University Archives,,pending,,,
25,library_alternate_names,KU Leuven Libraries,en,verified,https://bib.kuleuven.be/english/home,2026-09-22,Official English name for the same library organisation.
28,library_alternate_names,KU Leuven Libraries,en,verified,https://bib.kuleuven.be/english/home,2026-09-22,Official English name for the same library organisation.
49,access_point_title,Digitised manuscripts and archives,,verified,https://www.bl.uk/collection/digitised-manuscripts-archives,2026-09-22,Page heading supplied by the British Library; distinct from its institution name.
